Order id,Order Date,Day,Month,Cust ID,Cust Name,Seller,Product,Price,Qty,Amount,Payment Mode,Last 28 Days,Previous 28 Days
A001,44713,1,Jun,NN001,Name 1,ABC Traders,Mouse,210,2,420,Online,FALSE,FALSE
A002,44714,2,Jun,NN002,Name 2,Super Tech,Monitor,4000,3,12000,Cash,FALSE,FALSE
A003,44715,3,Jun,NN003,Name 3,RG Store,Printer,3200,5,16000,Online,FALSE,FALSE
A004,44716,4,Jun,NN004,Name 4,CCC Mart,Scanner,2900,3,8700,Cash,FALSE,FALSE
A005,44717,5,Jun,NN005,Name 5,ABC Traders,Keyboard,190,1,190,Online,FALSE,FALSE
A006,44718,6,Jun,NN006,Name 6,Super Tech,SSD 256 GB,4000,2,8000,Cash,FALSE,FALSE
A007,44719,7,Jun,NN007,Name 7,RG Store,HDD 256 GB,1500,3,4500,Online,FALSE,FALSE
A008,44720,8,Jun,NN008,Name 8,CCC Mart,Mouse,210,7,1470,Cash,FALSE,FALSE
A009,44721,9,Jun,NN009,Name 9,ABC Traders,Monitor,4000,6,24000,Online,FALSE,FALSE
A010,44722,10,Jun,NN010,Name 10,Super Tech,Printer,3200,1,3200,Cash,FALSE,FALSE
A011,44723,11,Jun,NN011,Name 11,RG Store,Scanner,2900,3,8700,Online,FALSE,FALSE
A012,44724,12,Jun,NN012,Name 12,CCC Mart,Keyboard,190,4,760,Cash,FALSE,FALSE
A013,44725,13,Jun,NN013,Name 13,ABC Traders,SSD 256 GB,4000,2,8000,Online,FALSE,FALSE
A014,44726,14,Jun,NN014,Name 14,Super Tech,HDD 256 GB,1500,3,4500,Cash,FALSE,FALSE
A015,44727,15,Jun,NN015,Name 15,RG Store,Mouse,210,4,840,Online,FALSE,FALSE
A016,44728,16,Jun,NN016,Name 16,CCC Mart,Monitor,4000,5,20000,Cash,FALSE,FALSE
A017,44729,17,Jun,NN017,Name 17,ABC Traders,Printer,3200,6,19200,Online,FALSE,FALSE
A018,44730,18,Jun,NN018,Name 18,Super Tech,Scanner,2900,5,14500,Cash,FALSE,FALSE
A019,44731,19,Jun,NN019,Name 19,RG Store,Keyboard,190,4,760,Online,FALSE,FALSE
A020,44732,20,Jun,NN020,Name 20,CCC Mart,SSD 256 GB,4000,10,40000,Cash,FALSE,FALSE
A021,44733,21,Jun,NN021,Name 21,ABC Traders,HDD 256 GB,1500,3,4500,Online,FALSE,FALSE
A022,44734,22,Jun,NN022,Name 22,Super Tech,Mouse,210,4,840,Cash,FALSE,FALSE
A023,44735,23,Jun,NN023,Name 23,RG Store,Monitor,4000,5,20000,Online,FALSE,FALSE
A024,44736,24,Jun,NN024,Name 24,CCC Mart,Printer,3200,6,19200,Cash,FALSE,FALSE
A025,44737,25,Jun,NN025,Name 25,ABC Traders,Scanner,2900,5,14500,Online,FALSE,FALSE
A026,44738,26,Jun,NN026,Name 26,Super Tech,Keyboard,190,6,1140,Cash,FALSE,FALSE
A027,44739,27,Jun,NN027,Name 27,RG Store,SSD 256 GB,4000,5,20000,Online,FALSE,FALSE
A028,44740,28,Jun,NN028,Name 28,CCC Mart,HDD 256 GB,1500,6,9000,Cash,FALSE,FALSE
A029,44741,29,Jun,NN029,Name 29,ABC Traders,Mouse,210,2,420,Online,FALSE,FALSE
A030,44742,30,Jun,NN030,Name 30,Super Tech,Monitor,4000,3,12000,Cash,FALSE,FALSE
A031,44743,1,Jul,NN031,Name 31,RG Store,Printer,3200,5,16000,Online,FALSE,FALSE
A032,44744,2,Jul,NN032,Name 32,CCC Mart,Scanner,2900,3,8700,Cash,FALSE,FALSE
A033,44745,3,Jul,NN033,Name 33,ABC Traders,Keyboard,190,1,190,Online,FALSE,FALSE
A034,44746,4,Jul,NN034,Name 34,Super Tech,SSD 256 GB,4000,2,8000,Cash,FALSE,FALSE
A035,44747,5,Jul,NN035,Name 35,RG Store,HDD 256 GB,1500,3,4500,Online,FALSE,FALSE
A036,44748,6,Jul,NN036,Name 36,CCC Mart,Mouse,210,7,1470,Cash,FALSE,FALSE
A037,44749,7,Jul,NN037,Name 37,ABC Traders,Monitor,4000,6,24000,Online,FALSE,FALSE
A038,44750,8,Jul,NN038,Name 38,Super Tech,Printer,3200,1,3200,Cash,FALSE,FALSE
A039,44751,9,Jul,NN039,Name 39,RG Store,Scanner,2900,3,8700,Online,FALSE,FALSE
A040,44752,10,Jul,NN040,Name 40,CCC Mart,Keyboard,190,4,760,Cash,FALSE,FALSE
A041,44753,11,Jul,NN041,Name 41,ABC Traders,SSD 256 GB,4000,2,8000,Online,FALSE,FALSE
A042,44754,12,Jul,NN042,Name 42,Super Tech,HDD 256 GB,1500,3,4500,Cash,FALSE,FALSE
A043,44755,13,Jul,NN043,Name 43,RG Store,Mouse,210,4,840,Online,FALSE,FALSE
A044,44756,14,Jul,NN044,Name 44,CCC Mart,Monitor,4000,5,20000,Cash,FALSE,FALSE
A045,44757,15,Jul,NN045,Name 45,ABC Traders,Printer,3200,6,19200,Online,FALSE,FALSE
A046,44758,16,Jul,NN046,Name 46,Super Tech,Scanner,2900,5,14500,Cash,FALSE,FALSE
A047,44759,17,Jul,NN047,Name 47,RG Store,Keyboard,190,4,760,Online,FALSE,FALSE
A048,44760,18,Jul,NN048,Name 48,CCC Mart,SSD 256 GB,4000,10,40000,Cash,FALSE,FALSE
A049,44761,19,Jul,NN049,Name 49,ABC Traders,HDD 256 GB,1500,3,4500,Online,FALSE,FALSE
A050,44762,20,Jul,NN050,Name 50,Super Tech,Mouse,210,4,840,Cash,FALSE,FALSE
A051,44763,21,Jul,NN051,Name 51,RG Store,Monitor,4000,5,20000,Online,FALSE,FALSE
A052,44764,22,Jul,NN052,Name 52,CCC Mart,Printer,3200,6,19200,Cash,FALSE,FALSE
A053,44765,23,Jul,NN053,Name 53,ABC Traders,Scanner,2900,5,14500,Online,FALSE,FALSE
A054,44766,24,Jul,NN054,Name 54,Super Tech,Keyboard,190,6,1140,Cash,FALSE,FALSE
A055,44767,25,Jul,NN055,Name 55,RG Store,SSD 256 GB,4000,5,20000,Online,FALSE,FALSE
A056,44768,26,Jul,NN056,Name 56,CCC Mart,HDD 256 GB,1500,6,9000,Cash,FALSE,FALSE
A057,44769,27,Jul,NN057,Name 57,ABC Traders,Mouse,210,2,420,Online,FALSE,FALSE
A058,44770,28,Jul,NN058,Name 58,Super Tech,Monitor,4000,3,12000,Cash,FALSE,FALSE
A059,44771,29,Jul,NN059,Name 59,RG Store,Printer,3200,5,16000,Online,FALSE,FALSE
A060,44772,30,Jul,NN060,Name 60,CCC Mart,Scanner,2900,3,8700,Cash,FALSE,FALSE
A061,44773,31,Jul,NN061,Name 61,ABC Traders,Keyboard,190,1,190,Online,FALSE,FALSE
A062,44774,1,Aug,NN062,Name 62,Super Tech,SSD 256 GB,4000,2,8000,Cash,FALSE,FALSE
A063,44775,2,Aug,NN063,Name 63,RG Store,HDD 256 GB,1500,3,4500,Online,FALSE,FALSE
A064,44776,3,Aug,NN064,Name 64,CCC Mart,Mouse,210,7,1470,Cash,FALSE,FALSE
A065,44777,4,Aug,NN065,Name 65,ABC Traders,Monitor,4000,6,24000,Online,FALSE,FALSE
A066,44778,5,Aug,NN066,Name 66,Super Tech,Printer,3200,1,3200,Cash,FALSE,FALSE
A067,44779,6,Aug,NN067,Name 67,RG Store,Scanner,2900,3,8700,Online,FALSE,FALSE
A068,44780,7,Aug,NN068,Name 68,CCC Mart,Keyboard,190,4,760,Cash,FALSE,FALSE
A069,44781,8,Aug,NN069,Name 69,ABC Traders,SSD 256 GB,4000,2,8000,Online,FALSE,FALSE
A070,44782,9,Aug,NN070,Name 70,Super Tech,HDD 256 GB,1500,3,4500,Cash,FALSE,FALSE
A071,44783,10,Aug,NN071,Name 71,RG Store,Mouse,210,4,840,Online,FALSE,FALSE
A072,44784,11,Aug,NN072,Name 72,CCC Mart,Monitor,4000,5,20000,Cash,FALSE,FALSE
A073,44785,12,Aug,NN073,Name 73,ABC Traders,Printer,3200,6,19200,Online,FALSE,FALSE
A074,44786,13,Aug,NN074,Name 74,Super Tech,Scanner,2900,5,14500,Cash,FALSE,FALSE
A075,44787,14,Aug,NN075,Name 75,RG Store,Keyboard,190,4,760,Online,FALSE,FALSE
A076,44788,15,Aug,NN076,Name 76,CCC Mart,SSD 256 GB,4000,10,40000,Cash,FALSE,FALSE
A077,44789,16,Aug,NN077,Name 77,ABC Traders,HDD 256 GB,1500,3,4500,Online,FALSE,FALSE
A078,44790,17,Aug,NN078,Name 78,Super Tech,Mouse,210,4,840,Cash,FALSE,FALSE
A079,44791,18,Aug,NN079,Name 79,RG Store,Monitor,4000,5,20000,Online,FALSE,FALSE
A080,44792,19,Aug,NN080,Name 80,CCC Mart,Printer,3200,6,19200,Cash,FALSE,FALSE
A081,44793,20,Aug,NN081,Name 81,ABC Traders,Scanner,2900,5,14500,Online,FALSE,FALSE
A082,44794,21,Aug,NN082,Name 82,Super Tech,Keyboard,190,6,1140,Cash,FALSE,FALSE
A083,44795,22,Aug,NN083,Name 83,RG Store,SSD 256 GB,4000,5,20000,Online,FALSE,FALSE
A084,44796,23,Aug,NN084,Name 84,CCC Mart,HDD 256 GB,1500,6,9000,Cash,FALSE,FALSE
A085,44797,24,Aug,NN085,Name 85,ABC Traders,Mouse,210,2,420,Online,FALSE,FALSE
A086,44798,25,Aug,NN086,Name 86,Super Tech,Monitor,4000,3,12000,Cash,FALSE,FALSE
A087,44799,26,Aug,NN087,Name 87,RG Store,Printer,3200,5,16000,Online,FALSE,FALSE
A088,44800,27,Aug,NN088,Name 88,CCC Mart,Scanner,2900,3,8700,Cash,FALSE,FALSE
A089,44801,28,Aug,NN089,Name 89,ABC Traders,Keyboard,190,1,190,Online,FALSE,FALSE
A090,44802,29,Aug,NN090,Name 90,Super Tech,SSD 256 GB,4000,2,8000,Cash,FALSE,FALSE
A091,44803,30,Aug,NN091,Name 91,RG Store,HDD 256 GB,1500,3,4500,Online,FALSE,FALSE
A092,44804,31,Aug,NN092,Name 92,CCC Mart,Mouse,210,7,1470,Cash,FALSE,FALSE
A093,44805,1,Sep,NN093,Name 93,ABC Traders,Monitor,4000,6,24000,Online,FALSE,FALSE
A094,44806,2,Sep,NN094,Name 94,Super Tech,Printer,3200,1,3200,Cash,FALSE,FALSE
A095,44807,3,Sep,NN095,Name 95,RG Store,Scanner,2900,3,8700,Online,FALSE,FALSE
A096,44808,4,Sep,NN096,Name 96,CCC Mart,Keyboard,190,4,760,Cash,FALSE,FALSE
A097,44809,5,Sep,NN097,Name 97,ABC Traders,SSD 256 GB,4000,2,8000,Online,FALSE,FALSE
A098,44810,6,Sep,NN098,Name 98,Super Tech,HDD 256 GB,1500,3,4500,Cash,FALSE,FALSE
A099,44811,7,Sep,NN099,Name 99,RG Store,Mouse,210,4,840,Online,FALSE,FALSE
A100,44812,8,Sep,NN100,Name 100,CCC Mart,Monitor,4000,5,20000,Cash,FALSE,FALSE
A101,44813,9,Sep,NN101,Name 101,ABC Traders,Printer,3200,6,19200,Online,FALSE,FALSE
A102,44814,10,Sep,NN102,Name 102,Super Tech,Scanner,2900,5,14500,Cash,FALSE,FALSE
A103,44815,11,Sep,NN103,Name 103,RG Store,Keyboard,190,4,760,Online,FALSE,FALSE
A104,44816,12,Sep,NN104,Name 104,CCC Mart,SSD 256 GB,4000,10,40000,Cash,FALSE,FALSE
A105,44817,13,Sep,NN105,Name 105,ABC Traders,HDD 256 GB,1500,3,4500,Online,FALSE,FALSE
A106,44818,14,Sep,NN106,Name 106,Super Tech,Mouse,210,4,840,Cash,FALSE,FALSE
A107,44819,15,Sep,NN107,Name 107,RG Store,Monitor,4000,5,20000,Online,FALSE,FALSE
A108,44820,16,Sep,NN108,Name 108,CCC Mart,Printer,3200,6,19200,Cash,FALSE,FALSE
A109,44821,17,Sep,NN109,Name 109,ABC Traders,Scanner,2900,5,14500,Online,FALSE,FALSE
A110,44822,18,Sep,NN110,Name 110,Super Tech,Keyboard,190,6,1140,Cash,FALSE,FALSE
A111,44823,19,Sep,NN111,Name 111,RG Store,SSD 256 GB,4000,5,20000,Online,FALSE,FALSE
A112,44824,20,Sep,NN112,Name 112,CCC Mart,HDD 256 GB,1500,6,9000,Cash,FALSE,FALSE
A113,44825,21,Sep,NN113,Name 113,ABC Traders,Mouse,210,2,420,Online,FALSE,FALSE
A114,44826,22,Sep,NN114,Name 114,Super Tech,Monitor,4000,3,12000,Cash,FALSE,FALSE
A115,44827,23,Sep,NN115,Name 115,RG Store,Printer,3200,5,16000,Online,FALSE,FALSE
A116,44828,24,Sep,NN116,Name 116,CCC Mart,Scanner,2900,3,8700,Cash,FALSE,FALSE
A117,44829,25,Sep,NN117,Name 117,ABC Traders,Keyboard,190,1,190,Online,FALSE,FALSE
A118,44830,26,Sep,NN118,Name 118,Super Tech,SSD 256 GB,4000,2,8000,Cash,FALSE,FALSE
A119,44831,27,Sep,NN119,Name 119,RG Store,HDD 256 GB,1500,3,4500,Online,FALSE,FALSE
A120,44832,28,Sep,NN120,Name 120,CCC Mart,Mouse,210,7,1470,Cash,FALSE,FALSE
A121,44833,29,Sep,NN121,Name 121,ABC Traders,Monitor,4000,6,24000,Online,FALSE,FALSE
A122,44834,30,Sep,NN122,Name 122,Super Tech,Printer,3200,1,3200,Cash,FALSE,FALSE
A123,44835,1,Oct,NN123,Name 123,RG Store,Scanner,2900,3,8700,Online,FALSE,FALSE
A124,44836,2,Oct,NN124,Name 124,CCC Mart,Keyboard,190,4,760,Cash,FALSE,FALSE
A125,44837,3,Oct,NN125,Name 125,ABC Traders,SSD 256 GB,4000,2,8000,Online,FALSE,FALSE
A126,44838,4,Oct,NN126,Name 126,Super Tech,HDD 256 GB,1500,3,4500,Cash,FALSE,FALSE
A127,44839,5,Oct,NN127,Name 127,RG Store,Mouse,210,4,840,Online,FALSE,FALSE
A128,44840,6,Oct,NN128,Name 128,CCC Mart,Monitor,4000,5,20000,Cash,FALSE,FALSE
A129,44841,7,Oct,NN129,Name 129,ABC Traders,Printer,3200,6,19200,Online,FALSE,FALSE
A130,44842,8,Oct,NN130,Name 130,Super Tech,Scanner,2900,5,14500,Cash,FALSE,FALSE
A131,44843,9,Oct,NN131,Name 131,RG Store,Keyboard,190,4,760,Online,FALSE,FALSE
A132,44844,10,Oct,NN132,Name 132,CCC Mart,SSD 256 GB,4000,10,40000,Cash,FALSE,FALSE
A133,44845,11,Oct,NN133,Name 133,ABC Traders,HDD 256 GB,1500,3,4500,Online,FALSE,FALSE
A134,44846,12,Oct,NN134,Name 134,Super Tech,Mouse,210,4,840,Cash,FALSE,FALSE
A135,44847,13,Oct,NN135,Name 135,RG Store,Monitor,4000,5,20000,Online,FALSE,FALSE
A136,44848,14,Oct,NN136,Name 136,CCC Mart,Printer,3200,6,19200,Cash,FALSE,FALSE
A137,44849,15,Oct,NN137,Name 137,ABC Traders,Scanner,2900,5,14500,Online,FALSE,FALSE
A138,44850,16,Oct,NN138,Name 138,Super Tech,Keyboard,190,6,1140,Cash,FALSE,FALSE
A139,44851,17,Oct,NN139,Name 139,RG Store,SSD 256 GB,4000,5,20000,Online,FALSE,FALSE
A140,44852,18,Oct,NN140,Name 140,CCC Mart,HDD 256 GB,1500,6,9000,Cash,FALSE,FALSE
A141,44853,19,Oct,NN141,Name 141,ABC Traders,Mouse,210,2,420,Online,FALSE,FALSE
A142,44854,20,Oct,NN142,Name 142,Super Tech,Monitor,4000,3,12000,Cash,FALSE,FALSE
A143,44855,21,Oct,NN143,Name 143,RG Store,Printer,3200,5,16000,Online,FALSE,FALSE
A144,44856,22,Oct,NN144,Name 144,CCC Mart,Scanner,2900,3,8700,Cash,FALSE,FALSE
A145,44857,23,Oct,NN145,Name 145,ABC Traders,Keyboard,190,1,190,Online,FALSE,FALSE
A146,44858,24,Oct,NN146,Name 146,Super Tech,SSD 256 GB,4000,2,8000,Cash,FALSE,FALSE
A147,44859,25,Oct,NN147,Name 147,RG Store,HDD 256 GB,1500,3,4500,Online,FALSE,FALSE
A148,44860,26,Oct,NN148,Name 148,CCC Mart,Mouse,210,7,1470,Cash,FALSE,FALSE
A149,44861,27,Oct,NN149,Name 149,ABC Traders,Monitor,4000,6,24000,Online,FALSE,FALSE
A150,44862,28,Oct,NN150,Name 150,Super Tech,Printer,3200,1,3200,Cash,FALSE,FALSE
A151,44863,29,Oct,NN151,Name 151,RG Store,Scanner,2900,3,8700,Online,FALSE,FALSE
A152,44864,30,Oct,NN152,Name 152,CCC Mart,Keyboard,190,4,760,Cash,FALSE,FALSE
A153,44865,31,Oct,NN153,Name 153,ABC Traders,SSD 256 GB,4000,2,8000,Online,FALSE,FALSE
A154,44866,1,Nov,NN154,Name 154,Super Tech,HDD 256 GB,1500,3,4500,Cash,FALSE,FALSE
A155,44867,2,Nov,NN155,Name 155,RG Store,Mouse,210,4,840,Online,FALSE,FALSE
A156,44868,3,Nov,NN156,Name 156,CCC Mart,Monitor,4000,5,20000,Cash,FALSE,FALSE
A157,44869,4,Nov,NN157,Name 157,ABC Traders,Printer,3200,6,19200,Online,FALSE,FALSE
A158,44870,5,Nov,NN158,Name 158,Super Tech,Scanner,2900,5,14500,Cash,FALSE,FALSE
A159,44871,6,Nov,NN159,Name 159,RG Store,Keyboard,190,4,760,Online,FALSE,FALSE
A160,44872,7,Nov,NN160,Name 160,CCC Mart,SSD 256 GB,4000,10,40000,Cash,FALSE,FALSE
A161,44873,8,Nov,NN161,Name 161,ABC Traders,HDD 256 GB,1500,3,4500,Online,FALSE,FALSE
A162,44874,9,Nov,NN162,Name 162,Super Tech,Mouse,210,4,840,Cash,FALSE,FALSE
A163,44875,10,Nov,NN163,Name 163,RG Store,Monitor,4000,5,20000,Online,FALSE,FALSE
A164,44876,11,Nov,NN164,Name 164,CCC Mart,Printer,3200,6,19200,Cash,FALSE,FALSE
A165,44877,12,Nov,NN165,Name 165,ABC Traders,Scanner,2900,5,14500,Online,FALSE,FALSE
A166,44878,13,Nov,NN166,Name 166,Super Tech,Keyboard,190,6,1140,Cash,FALSE,FALSE
A167,44879,14,Nov,NN167,Name 167,RG Store,SSD 256 GB,4000,5,20000,Online,FALSE,FALSE
A168,44880,15,Nov,NN168,Name 168,CCC Mart,HDD 256 GB,1500,6,9000,Cash,FALSE,FALSE
A169,44881,16,Nov,NN169,Name 169,ABC Traders,Mouse,210,2,420,Online,FALSE,FALSE
A170,44882,17,Nov,NN170,Name 170,Super Tech,Monitor,4000,3,12000,Cash,FALSE,FALSE
A171,44883,18,Nov,NN171,Name 171,RG Store,Printer,3200,5,16000,Online,FALSE,FALSE
A172,44884,19,Nov,NN172,Name 172,CCC Mart,Scanner,2900,3,8700,Cash,FALSE,FALSE
A173,44885,20,Nov,NN173,Name 173,ABC Traders,Keyboard,190,1,190,Online,FALSE,FALSE
A174,44886,21,Nov,NN174,Name 174,Super Tech,SSD 256 GB,4000,2,8000,Cash,FALSE,FALSE
A175,44887,22,Nov,NN175,Name 175,RG Store,HDD 256 GB,1500,3,4500,Online,FALSE,FALSE
A176,44888,23,Nov,NN176,Name 176,CCC Mart,Mouse,210,7,1470,Cash,FALSE,FALSE
A177,44889,24,Nov,NN177,Name 177,ABC Traders,Monitor,4000,6,24000,Online,FALSE,FALSE
A178,44890,25,Nov,NN178,Name 178,Super Tech,Printer,3200,1,3200,Cash,FALSE,FALSE
A179,44891,26,Nov,NN179,Name 179,RG Store,Scanner,2900,3,8700,Online,FALSE,FALSE
A180,44892,27,Nov,NN180,Name 180,CCC Mart,Keyboard,190,4,760,Cash,FALSE,FALSE
A181,44893,28,Nov,NN181,Name 181,ABC Traders,SSD 256 GB,4000,2,8000,Online,FALSE,FALSE
A182,44894,29,Nov,NN182,Name 182,Super Tech,HDD 256 GB,1500,3,4500,Cash,FALSE,FALSE
A183,44895,30,Nov,NN183,Name 183,RG Store,Mouse,210,4,840,Online,FALSE,FALSE
A184,44896,1,Dec,NN184,Name 184,CCC Mart,Monitor,4000,5,20000,Cash,FALSE,FALSE
A185,44897,2,Dec,NN185,Name 185,ABC Traders,Printer,3200,6,19200,Online,FALSE,FALSE
A186,44898,3,Dec,NN186,Name 186,Super Tech,Scanner,2900,5,14500,Cash,FALSE,FALSE
A187,44899,4,Dec,NN187,Name 187,RG Store,Keyboard,190,4,760,Online,FALSE,FALSE
A188,44900,5,Dec,NN188,Name 188,CCC Mart,SSD 256 GB,4000,10,40000,Cash,FALSE,FALSE
A189,44901,6,Dec,NN189,Name 189,ABC Traders,HDD 256 GB,1500,3,4500,Online,FALSE,FALSE
A190,44902,7,Dec,NN190,Name 190,Super Tech,Mouse,210,4,840,Cash,FALSE,FALSE
A191,44903,8,Dec,NN191,Name 191,RG Store,Monitor,4000,5,20000,Online,FALSE,FALSE
A192,44904,9,Dec,NN192,Name 192,CCC Mart,Printer,3200,6,19200,Cash,FALSE,FALSE
A193,44905,10,Dec,NN193,Name 193,ABC Traders,Scanner,2900,5,14500,Online,FALSE,FALSE
A194,44906,11,Dec,NN194,Name 194,Super Tech,Keyboard,190,6,1140,Cash,FALSE,FALSE
A195,44907,12,Dec,NN195,Name 195,RG Store,SSD 256 GB,4000,5,20000,Online,FALSE,FALSE
A196,44908,13,Dec,NN196,Name 196,CCC Mart,HDD 256 GB,1500,6,9000,Cash,FALSE,FALSE
A197,44909,14,Dec,NN197,Name 197,ABC Traders,Mouse,210,2,420,Online,FALSE,FALSE
A198,44910,15,Dec,NN198,Name 198,Super Tech,Monitor,4000,3,12000,Cash,FALSE,FALSE
A199,44911,16,Dec,NN199,Name 199,RG Store,Printer,3200,5,16000,Online,FALSE,FALSE
A200,44912,17,Dec,NN200,Name 200,CCC Mart,Scanner,2900,3,8700,Cash,FALSE,FALSE
A201,44913,18,Dec,NN201,Name 201,ABC Traders,Keyboard,190,1,190,Online,FALSE,FALSE
A202,44914,19,Dec,NN202,Name 202,Super Tech,SSD 256 GB,4000,2,8000,Cash,FALSE,FALSE
A203,44915,20,Dec,NN203,Name 203,RG Store,HDD 256 GB,1500,3,4500,Online,FALSE,FALSE
A204,44916,21,Dec,NN204,Name 204,CCC Mart,Mouse,210,7,1470,Cash,FALSE,FALSE
A205,44917,22,Dec,NN205,Name 205,ABC Traders,Monitor,4000,6,24000,Online,FALSE,FALSE
A206,44918,23,Dec,NN206,Name 206,Super Tech,Printer,3200,1,3200,Cash,FALSE,FALSE
A207,44919,24,Dec,NN207,Name 207,RG Store,Scanner,2900,3,8700,Online,FALSE,FALSE
A208,44920,25,Dec,NN208,Name 208,CCC Mart,Keyboard,190,4,760,Cash,FALSE,FALSE
A209,44921,26,Dec,NN209,Name 209,ABC Traders,SSD 256 GB,4000,2,8000,Online,FALSE,FALSE
A210,44922,27,Dec,NN210,Name 210,Super Tech,HDD 256 GB,1500,3,4500,Cash,FALSE,FALSE
A211,44923,28,Dec,NN211,Name 211,RG Store,Mouse,210,4,840,Online,FALSE,FALSE
A212,44924,29,Dec,NN212,Name 212,CCC Mart,Monitor,4000,5,20000,Cash,FALSE,FALSE
A213,44925,30,Dec,NN213,Name 213,ABC Traders,Printer,3200,6,19200,Online,FALSE,FALSE
A214,44926,31,Dec,NN214,Name 214,Super Tech,Scanner,2900,5,14500,Cash,FALSE,FALSE
A215,44927,1,Jan,NN215,Name 215,RG Store,Keyboard,190,4,760,Online,FALSE,FALSE
A216,44928,2,Jan,NN216,Name 216,CCC Mart,SSD 256 GB,4000,10,40000,Cash,FALSE,FALSE
A217,44929,3,Jan,NN217,Name 217,ABC Traders,HDD 256 GB,1500,3,4500,Online,FALSE,FALSE
A218,44930,4,Jan,NN218,Name 218,Super Tech,Mouse,210,4,840,Cash,FALSE,FALSE
A219,44931,5,Jan,NN219,Name 219,RG Store,Monitor,4000,5,20000,Online,FALSE,FALSE
A220,44932,6,Jan,NN220,Name 220,CCC Mart,Printer,3200,6,19200,Cash,FALSE,FALSE
A221,44933,7,Jan,NN221,Name 221,ABC Traders,Scanner,2900,5,14500,Online,FALSE,FALSE
A222,44934,8,Jan,NN222,Name 222,Super Tech,Keyboard,190,6,1140,Cash,FALSE,FALSE
A223,44935,9,Jan,NN223,Name 223,RG Store,SSD 256 GB,4000,5,20000,Online,FALSE,FALSE
A224,44936,10,Jan,NN224,Name 224,CCC Mart,HDD 256 GB,1500,6,9000,Cash,FALSE,FALSE
A225,44937,11,Jan,NN225,Name 225,ABC Traders,Mouse,210,2,420,Online,FALSE,FALSE
A226,44938,12,Jan,NN226,Name 226,Super Tech,Monitor,4000,3,12000,Cash,FALSE,FALSE
A227,44939,13,Jan,NN227,Name 227,RG Store,Printer,3200,5,16000,Online,FALSE,FALSE
A228,44940,14,Jan,NN228,Name 228,CCC Mart,Scanner,2900,3,8700,Cash,FALSE,FALSE
A229,44941,15,Jan,NN229,Name 229,ABC Traders,Keyboard,190,1,190,Online,FALSE,FALSE
A230,44942,16,Jan,NN230,Name 230,Super Tech,SSD 256 GB,4000,2,8000,Cash,FALSE,FALSE
A231,44943,17,Jan,NN231,Name 231,RG Store,HDD 256 GB,1500,3,4500,Online,FALSE,FALSE
A232,44944,18,Jan,NN232,Name 232,CCC Mart,Mouse,210,7,1470,Cash,FALSE,FALSE
A233,44945,19,Jan,NN233,Name 233,ABC Traders,Monitor,4000,6,24000,Online,FALSE,FALSE
A234,44946,20,Jan,NN234,Name 234,Super Tech,Printer,3200,1,3200,Cash,FALSE,FALSE
A235,44947,21,Jan,NN235,Name 235,RG Store,Scanner,2900,3,8700,Online,FALSE,FALSE
A236,44948,22,Jan,NN236,Name 236,CCC Mart,Keyboard,190,4,760,Cash,FALSE,FALSE
A237,44949,23,Jan,NN237,Name 237,ABC Traders,SSD 256 GB,4000,2,8000,Online,FALSE,FALSE
A238,44950,24,Jan,NN238,Name 238,Super Tech,HDD 256 GB,1500,3,4500,Cash,FALSE,FALSE
A239,44951,25,Jan,NN239,Name 239,RG Store,Mouse,210,4,840,Online,FALSE,FALSE
A240,44952,26,Jan,NN240,Name 240,CCC Mart,Monitor,4000,5,20000,Cash,FALSE,FALSE
A241,44953,27,Jan,NN241,Name 241,ABC Traders,Printer,3200,6,19200,Online,FALSE,FALSE
A242,44954,28,Jan,NN242,Name 242,Super Tech,Scanner,2900,5,14500,Cash,FALSE,FALSE
A243,44955,29,Jan,NN243,Name 243,RG Store,Keyboard,190,4,760,Online,FALSE,FALSE
A244,44956,30,Jan,NN244,Name 244,CCC Mart,SSD 256 GB,4000,10,40000,Cash,FALSE,FALSE
A245,44957,31,Jan,NN245,Name 245,ABC Traders,HDD 256 GB,1500,3,4500,Online,FALSE,FALSE
A246,44958,1,Feb,NN246,Name 246,Super Tech,Mouse,210,4,840,Cash,FALSE,FALSE
A247,44959,2,Feb,NN247,Name 247,RG Store,Monitor,4000,5,20000,Online,FALSE,FALSE
A248,44960,3,Feb,NN248,Name 248,CCC Mart,Printer,3200,6,19200,Cash,FALSE,FALSE
A249,44961,4,Feb,NN249,Name 249,ABC Traders,Scanner,2900,5,14500,Online,FALSE,FALSE
A250,44962,5,Feb,NN250,Name 250,Super Tech,Keyboard,190,6,1140,Cash,FALSE,FALSE
A251,44963,6,Feb,NN251,Name 251,RG Store,SSD 256 GB,4000,5,20000,Online,FALSE,FALSE
A252,44964,7,Feb,NN252,Name 252,CCC Mart,HDD 256 GB,1500,6,9000,Cash,FALSE,FALSE
A253,44965,8,Feb,NN253,Name 253,ABC Traders,Mouse,210,2,420,Online,FALSE,FALSE
A254,44966,9,Feb,NN254,Name 254,Super Tech,Monitor,4000,3,12000,Cash,FALSE,FALSE
A255,44967,10,Feb,NN255,Name 255,RG Store,Printer,3200,5,16000,Online,FALSE,FALSE
A256,44968,11,Feb,NN256,Name 256,CCC Mart,Scanner,2900,3,8700,Cash,FALSE,FALSE
A257,44969,12,Feb,NN257,Name 257,ABC Traders,Keyboard,190,1,190,Online,FALSE,FALSE
A258,44970,13,Feb,NN258,Name 258,Super Tech,SSD 256 GB,4000,2,8000,Cash,FALSE,FALSE
A259,44971,14,Feb,NN259,Name 259,RG Store,HDD 256 GB,1500,3,4500,Online,FALSE,FALSE
A260,44972,15,Feb,NN260,Name 260,CCC Mart,Mouse,210,7,1470,Cash,FALSE,FALSE
A261,44973,16,Feb,NN261,Name 261,ABC Traders,Monitor,4000,6,24000,Online,FALSE,FALSE
A262,44974,17,Feb,NN262,Name 262,Super Tech,Printer,3200,1,3200,Cash,FALSE,FALSE
A263,44975,18,Feb,NN263,Name 263,RG Store,Scanner,2900,3,8700,Online,FALSE,FALSE
A264,44976,19,Feb,NN264,Name 264,CCC Mart,Keyboard,190,4,760,Cash,FALSE,FALSE
A265,44977,20,Feb,NN265,Name 265,ABC Traders,SSD 256 GB,4000,2,8000,Online,FALSE,FALSE
A266,44978,21,Feb,NN266,Name 266,Super Tech,HDD 256 GB,1500,3,4500,Cash,FALSE,FALSE
A267,44979,22,Feb,NN267,Name 267,RG Store,Mouse,210,4,840,Online,FALSE,FALSE
A268,44980,23,Feb,NN268,Name 268,CCC Mart,Monitor,4000,5,20000,Cash,FALSE,FALSE
A269,44981,24,Feb,NN269,Name 269,ABC Traders,Printer,3200,6,19200,Online,FALSE,FALSE
A270,44982,25,Feb,NN270,Name 270,Super Tech,Scanner,2900,5,14500,Cash,FALSE,FALSE
A271,44983,26,Feb,NN271,Name 271,RG Store,Keyboard,190,4,760,Online,FALSE,FALSE
A272,44984,27,Feb,NN272,Name 272,CCC Mart,SSD 256 GB,4000,10,40000,Cash,FALSE,FALSE
A273,44985,28,Feb,NN273,Name 273,ABC Traders,HDD 256 GB,1500,3,4500,Online,FALSE,FALSE
A274,44986,1,Mar,NN274,Name 274,Super Tech,Mouse,210,4,840,Cash,FALSE,FALSE
A275,44987,2,Mar,NN275,Name 275,RG Store,Monitor,4000,5,20000,Online,FALSE,FALSE
A276,44988,3,Mar,NN276,Name 276,CCC Mart,Printer,3200,6,19200,Cash,FALSE,FALSE
A277,44989,4,Mar,NN277,Name 277,ABC Traders,Scanner,2900,5,14500,Online,FALSE,FALSE
A278,44990,5,Mar,NN278,Name 278,Super Tech,Keyboard,190,6,1140,Cash,FALSE,FALSE
A279,44991,6,Mar,NN279,Name 279,RG Store,SSD 256 GB,4000,5,20000,Online,FALSE,FALSE
A280,44992,7,Mar,NN280,Name 280,CCC Mart,HDD 256 GB,1500,6,9000,Cash,FALSE,FALSE
A281,44993,8,Mar,NN281,Name 281,ABC Traders,Mouse,210,2,420,Online,FALSE,FALSE
A282,44994,9,Mar,NN282,Name 282,Super Tech,Monitor,4000,3,12000,Cash,FALSE,FALSE
A283,44995,10,Mar,NN283,Name 283,RG Store,Printer,3200,5,16000,Online,FALSE,FALSE
A284,44996,11,Mar,NN284,Name 284,CCC Mart,Scanner,2900,3,8700,Cash,FALSE,FALSE
A285,44997,12,Mar,NN285,Name 285,ABC Traders,Keyboard,190,1,190,Online,FALSE,FALSE
A286,44998,13,Mar,NN286,Name 286,Super Tech,SSD 256 GB,4000,2,8000,Cash,FALSE,FALSE
A287,44999,14,Mar,NN287,Name 287,RG Store,HDD 256 GB,1500,3,4500,Online,FALSE,FALSE
A288,45000,15,Mar,NN288,Name 288,CCC Mart,Mouse,210,7,1470,Cash,FALSE,FALSE
A289,45001,16,Mar,NN289,Name 289,ABC Traders,Monitor,4000,6,24000,Online,FALSE,FALSE
A290,45002,17,Mar,NN290,Name 290,Super Tech,Printer,3200,1,3200,Cash,FALSE,FALSE
A291,45003,18,Mar,NN291,Name 291,RG Store,Scanner,2900,3,8700,Online,FALSE,FALSE
A292,45004,19,Mar,NN292,Name 292,CCC Mart,Keyboard,190,4,760,Cash,FALSE,FALSE
A293,45005,20,Mar,NN293,Name 293,ABC Traders,SSD 256 GB,4000,2,8000,Online,FALSE,FALSE
A294,45006,21,Mar,NN294,Name 294,Super Tech,HDD 256 GB,1500,3,4500,Cash,FALSE,FALSE
A295,45007,22,Mar,NN295,Name 295,RG Store,Mouse,210,4,840,Online,FALSE,FALSE
A296,45008,23,Mar,NN296,Name 296,CCC Mart,Monitor,4000,5,20000,Cash,FALSE,FALSE
A297,45009,24,Mar,NN297,Name 297,ABC Traders,Printer,3200,6,19200,Online,FALSE,FALSE
A298,45010,25,Mar,NN298,Name 298,Super Tech,Scanner,2900,5,14500,Cash,FALSE,FALSE
A299,45011,26,Mar,NN299,Name 299,RG Store,Keyboard,190,4,760,Online,FALSE,FALSE
A300,45012,27,Mar,NN300,Name 300,CCC Mart,SSD 256 GB,4000,10,40000,Cash,FALSE,FALSE
A301,45013,28,Mar,NN301,Name 301,ABC Traders,HDD 256 GB,1500,3,4500,Online,FALSE,FALSE
A302,45014,29,Mar,NN302,Name 302,Super Tech,Mouse,210,4,840,Cash,FALSE,FALSE
A303,45015,30,Mar,NN303,Name 303,RG Store,Monitor,4000,5,20000,Online,FALSE,FALSE
A304,45016,31,Mar,NN304,Name 304,CCC Mart,Printer,3200,6,19200,Cash,FALSE,FALSE
A305,45017,1,Apr,NN305,Name 305,ABC Traders,Scanner,2900,5,14500,Online,FALSE,FALSE
A306,45018,2,Apr,NN306,Name 306,Super Tech,Keyboard,190,6,1140,Cash,FALSE,FALSE
A307,45019,3,Apr,NN307,Name 307,RG Store,SSD 256 GB,4000,5,20000,Online,FALSE,FALSE
A308,45020,4,Apr,NN308,Name 308,CCC Mart,HDD 256 GB,1500,6,9000,Cash,FALSE,FALSE
A309,45021,5,Apr,NN309,Name 309,ABC Traders,Mouse,210,2,420,Online,FALSE,FALSE
A310,45022,6,Apr,NN310,Name 310,Super Tech,Monitor,4000,3,12000,Cash,FALSE,FALSE
A311,45023,7,Apr,NN311,Name 311,RG Store,Printer,3200,5,16000,Online,FALSE,FALSE
A312,45024,8,Apr,NN312,Name 312,CCC Mart,Scanner,2900,3,8700,Cash,FALSE,FALSE
A313,45025,9,Apr,NN313,Name 313,ABC Traders,Keyboard,190,1,190,Online,FALSE,FALSE
A314,45026,10,Apr,NN314,Name 314,Super Tech,SSD 256 GB,4000,2,8000,Cash,FALSE,FALSE
A315,45027,11,Apr,NN315,Name 315,RG Store,HDD 256 GB,1500,3,4500,Online,FALSE,FALSE
A316,45028,12,Apr,NN316,Name 316,CCC Mart,Mouse,210,7,1470,Cash,FALSE,FALSE
A317,45029,13,Apr,NN317,Name 317,ABC Traders,Monitor,4000,6,24000,Online,FALSE,FALSE
A318,45030,14,Apr,NN318,Name 318,Super Tech,Printer,3200,1,3200,Cash,FALSE,FALSE
A319,45031,15,Apr,NN319,Name 319,RG Store,Scanner,2900,3,8700,Online,FALSE,FALSE
A320,45032,16,Apr,NN320,Name 320,CCC Mart,Keyboard,190,4,760,Cash,FALSE,FALSE
A321,45033,17,Apr,NN321,Name 321,ABC Traders,SSD 256 GB,4000,2,8000,Online,FALSE,FALSE
A322,45034,18,Apr,NN322,Name 322,Super Tech,HDD 256 GB,1500,3,4500,Cash,FALSE,FALSE
A323,45035,19,Apr,NN323,Name 323,RG Store,Mouse,210,4,840,Online,FALSE,FALSE
A324,45036,20,Apr,NN324,Name 324,CCC Mart,Monitor,4000,5,20000,Cash,FALSE,FALSE
A325,45037,21,Apr,NN325,Name 325,ABC Traders,Printer,3200,6,19200,Online,FALSE,FALSE
A326,45038,22,Apr,NN326,Name 326,Super Tech,Scanner,2900,5,14500,Cash,FALSE,FALSE
A327,45039,23,Apr,NN327,Name 327,RG Store,Keyboard,190,4,760,Online,FALSE,FALSE
A328,45040,24,Apr,NN328,Name 328,CCC Mart,SSD 256 GB,4000,10,40000,Cash,FALSE,FALSE
A329,45041,25,Apr,NN329,Name 329,ABC Traders,HDD 256 GB,1500,3,4500,Online,FALSE,FALSE
A330,45042,26,Apr,NN330,Name 330,Super Tech,Mouse,210,4,840,Cash,FALSE,FALSE
A331,45043,27,Apr,NN331,Name 331,RG Store,Monitor,4000,5,20000,Online,FALSE,FALSE
A332,45044,28,Apr,NN332,Name 332,CCC Mart,Printer,3200,6,19200,Cash,FALSE,FALSE
A333,45045,29,Apr,NN333,Name 333,ABC Traders,Scanner,2900,5,14500,Online,FALSE,FALSE
A334,45046,30,Apr,NN334,Name 334,Super Tech,Keyboard,190,6,1140,Cash,FALSE,FALSE
A335,45047,1,May,NN335,Name 335,RG Store,SSD 256 GB,4000,5,20000,Online,FALSE,FALSE
A336,45048,2,May,NN336,Name 336,CCC Mart,HDD 256 GB,1500,6,9000,Cash,FALSE,FALSE
A337,45049,3,May,NN337,Name 337,ABC Traders,Mouse,210,2,420,Online,FALSE,FALSE
A338,45050,4,May,NN338,Name 338,Super Tech,Monitor,4000,3,12000,Cash,FALSE,FALSE
A339,45051,5,May,NN339,Name 339,RG Store,Printer,3200,5,16000,Online,FALSE,FALSE
A340,45052,6,May,NN340,Name 340,CCC Mart,Scanner,2900,3,8700,Cash,FALSE,FALSE
A341,45053,7,May,NN341,Name 341,ABC Traders,Keyboard,190,1,190,Online,FALSE,FALSE
A342,45054,8,May,NN342,Name 342,Super Tech,SSD 256 GB,4000,2,8000,Cash,FALSE,FALSE
A343,45055,9,May,NN343,Name 343,RG Store,HDD 256 GB,1500,3,4500,Online,FALSE,FALSE
A344,45056,10,May,NN344,Name 344,CCC Mart,Mouse,210,7,1470,Cash,FALSE,FALSE
A345,45057,11,May,NN345,Name 345,ABC Traders,Monitor,4000,6,24000,Online,FALSE,FALSE
A346,45058,12,May,NN346,Name 346,Super Tech,Printer,3200,1,3200,Cash,FALSE,FALSE
A347,45059,13,May,NN347,Name 347,RG Store,Scanner,2900,3,8700,Online,FALSE,FALSE
A348,45060,14,May,NN348,Name 348,CCC Mart,Keyboard,190,4,760,Cash,FALSE,FALSE
A349,45061,15,May,NN349,Name 349,ABC Traders,SSD 256 GB,4000,2,8000,Online,FALSE,FALSE
A350,45062,16,May,NN350,Name 350,Super Tech,HDD 256 GB,1500,3,4500,Cash,FALSE,FALSE
A351,45063,17,May,NN351,Name 351,RG Store,Mouse,210,4,840,Online,FALSE,FALSE
A352,45064,18,May,NN352,Name 352,CCC Mart,Monitor,4000,5,20000,Cash,FALSE,FALSE
A353,45065,19,May,NN353,Name 353,ABC Traders,Printer,3200,6,19200,Online,FALSE,FALSE
A354,45066,20,May,NN354,Name 354,Super Tech,Scanner,2900,5,14500,Cash,FALSE,FALSE
A355,45067,21,May,NN355,Name 355,RG Store,Keyboard,190,4,760,Online,FALSE,FALSE
A356,45068,22,May,NN356,Name 356,CCC Mart,SSD 256 GB,4000,10,40000,Cash,FALSE,FALSE
A357,45069,23,May,NN357,Name 357,ABC Traders,HDD 256 GB,1500,3,4500,Online,FALSE,FALSE
A358,45070,24,May,NN358,Name 358,Super Tech,Mouse,210,4,840,Cash,FALSE,FALSE
A359,45071,25,May,NN359,Name 359,RG Store,Monitor,4000,5,20000,Online,FALSE,FALSE
A360,45072,26,May,NN360,Name 360,CCC Mart,Printer,3200,6,19200,Cash,FALSE,FALSE
A361,45073,27,May,NN361,Name 361,ABC Traders,Scanner,2900,5,14500,Online,FALSE,FALSE
A362,45074,28,May,NN362,Name 362,Super Tech,Keyboard,190,6,1140,Cash,FALSE,FALSE
A363,45075,29,May,NN363,Name 363,RG Store,SSD 256 GB,4000,5,20000,Online,FALSE,FALSE
A364,45076,30,May,NN364,Name 364,CCC Mart,HDD 256 GB,1500,6,9000,Cash,FALSE,FALSE
A365,45077,31,May,NN365,Name 365,ABC Traders,Mouse,210,2,420,Online,FALSE,FALSE
A366,45078,1,Jun,NN366,Name 366,Super Tech,Monitor,4000,3,12000,Cash,FALSE,FALSE
A367,45079,2,Jun,NN367,Name 367,RG Store,Printer,3200,5,16000,Online,FALSE,FALSE
A368,45080,3,Jun,NN368,Name 368,CCC Mart,Scanner,2900,3,8700,Cash,FALSE,FALSE
A369,45081,4,Jun,NN369,Name 369,ABC Traders,Keyboard,190,1,190,Online,FALSE,FALSE
A370,45082,5,Jun,NN370,Name 370,Super Tech,SSD 256 GB,4000,2,8000,Cash,FALSE,FALSE
A371,45083,6,Jun,NN371,Name 371,RG Store,HDD 256 GB,1500,3,4500,Online,FALSE,FALSE
A372,45084,7,Jun,NN372,Name 372,CCC Mart,Mouse,210,7,1470,Cash,FALSE,FALSE
A373,45085,8,Jun,NN373,Name 373,ABC Traders,Monitor,4000,6,24000,Online,FALSE,FALSE
A374,45086,9,Jun,NN374,Name 374,Super Tech,Printer,3200,1,3200,Cash,FALSE,FALSE
A375,45087,10,Jun,NN375,Name 375,RG Store,Scanner,2900,3,8700,Online,FALSE,FALSE
A376,45088,11,Jun,NN376,Name 376,CCC Mart,Keyboard,190,4,760,Cash,FALSE,FALSE
A377,45089,12,Jun,NN377,Name 377,ABC Traders,SSD 256 GB,4000,2,8000,Online,FALSE,FALSE
A378,45090,13,Jun,NN378,Name 378,Super Tech,HDD 256 GB,1500,3,4500,Cash,FALSE,FALSE
A379,45091,14,Jun,NN379,Name 379,RG Store,Mouse,210,4,840,Online,FALSE,FALSE
A380,45092,15,Jun,NN380,Name 380,CCC Mart,Monitor,4000,5,20000,Cash,FALSE,FALSE
A381,45093,16,Jun,NN381,Name 381,ABC Traders,Printer,3200,6,19200,Online,FALSE,FALSE
A382,45094,17,Jun,NN382,Name 382,Super Tech,Scanner,2900,5,14500,Cash,FALSE,FALSE
A383,45095,18,Jun,NN383,Name 383,RG Store,Keyboard,190,4,760,Online,FALSE,FALSE
A384,45096,19,Jun,NN384,Name 384,CCC Mart,SSD 256 GB,4000,10,40000,Cash,FALSE,FALSE
A385,45097,20,Jun,NN385,Name 385,ABC Traders,HDD 256 GB,1500,3,4500,Online,FALSE,FALSE
A386,45098,21,Jun,NN386,Name 386,Super Tech,Mouse,210,4,840,Cash,FALSE,FALSE
A387,45099,22,Jun,NN387,Name 387,RG Store,Monitor,4000,5,20000,Online,FALSE,FALSE
A388,45100,23,Jun,NN388,Name 388,CCC Mart,Printer,3200,6,19200,Cash,FALSE,FALSE
A389,45101,24,Jun,NN389,Name 389,ABC Traders,Scanner,2900,5,14500,Online,FALSE,FALSE
A390,45102,25,Jun,NN390,Name 390,Super Tech,Keyboard,190,6,1140,Cash,FALSE,FALSE
A391,45103,26,Jun,NN391,Name 391,RG Store,SSD 256 GB,4000,5,20000,Online,FALSE,FALSE
A392,45104,27,Jun,NN392,Name 392,CCC Mart,HDD 256 GB,1500,6,9000,Cash,FALSE,FALSE
A393,45105,28,Jun,NN393,Name 393,ABC Traders,Mouse,210,2,420,Online,FALSE,FALSE
A394,45106,29,Jun,NN394,Name 394,Super Tech,Monitor,4000,3,12000,Cash,FALSE,FALSE
A395,45107,30,Jun,NN395,Name 395,RG Store,Printer,3200,5,16000,Online,FALSE,FALSE
A396,45108,1,Jul,NN396,Name 396,CCC Mart,Scanner,2900,3,8700,Cash,FALSE,FALSE
A397,45109,2,Jul,NN397,Name 397,ABC Traders,Keyboard,190,1,190,Online,FALSE,FALSE
A398,45110,3,Jul,NN398,Name 398,Super Tech,SSD 256 GB,4000,2,8000,Cash,FALSE,FALSE
A399,45111,4,Jul,NN399,Name 399,RG Store,HDD 256 GB,1500,3,4500,Online,FALSE,FALSE
A400,45112,5,Jul,NN400,Name 400,CCC Mart,Mouse,210,7,1470,Cash,FALSE,FALSE
A401,45113,6,Jul,NN401,Name 401,ABC Traders,Monitor,4000,6,24000,Online,FALSE,FALSE
A402,45114,7,Jul,NN402,Name 402,Super Tech,Printer,3200,1,3200,Cash,FALSE,FALSE
A403,45115,8,Jul,NN403,Name 403,RG Store,Scanner,2900,3,8700,Online,FALSE,FALSE
A404,45116,9,Jul,NN404,Name 404,CCC Mart,Keyboard,190,4,760,Cash,FALSE,FALSE
A405,45117,10,Jul,NN405,Name 405,ABC Traders,SSD 256 GB,4000,2,8000,Online,FALSE,FALSE
A406,45118,11,Jul,NN406,Name 406,Super Tech,HDD 256 GB,1500,3,4500,Cash,FALSE,FALSE
A407,45119,12,Jul,NN407,Name 407,RG Store,Mouse,210,4,840,Online,FALSE,FALSE
A408,45120,13,Jul,NN408,Name 408,CCC Mart,Monitor,4000,5,20000,Cash,FALSE,FALSE
A409,45121,14,Jul,NN409,Name 409,ABC Traders,Printer,3200,6,19200,Online,FALSE,FALSE
A410,45122,15,Jul,NN410,Name 410,Super Tech,Scanner,2900,5,14500,Cash,FALSE,FALSE
A411,45123,16,Jul,NN411,Name 411,RG Store,Keyboard,190,4,760,Online,FALSE,FALSE
A412,45124,17,Jul,NN412,Name 412,CCC Mart,SSD 256 GB,4000,10,40000,Cash,FALSE,FALSE
A413,45125,18,Jul,NN413,Name 413,ABC Traders,HDD 256 GB,1500,3,4500,Online,FALSE,FALSE
A414,45126,19,Jul,NN414,Name 414,Super Tech,Mouse,210,4,840,Cash,FALSE,FALSE
A415,45127,20,Jul,NN415,Name 415,RG Store,Monitor,4000,5,20000,Online,FALSE,FALSE
A416,45128,21,Jul,NN416,Name 416,CCC Mart,Printer,3200,6,19200,Cash,FALSE,FALSE
A417,45129,22,Jul,NN417,Name 417,ABC Traders,Scanner,2900,5,14500,Online,FALSE,FALSE
A418,45130,23,Jul,NN418,Name 418,Super Tech,Keyboard,190,6,1140,Cash,FALSE,FALSE
A419,45131,24,Jul,NN419,Name 419,RG Store,SSD 256 GB,4000,5,20000,Online,FALSE,FALSE
A420,45132,25,Jul,NN420,Name 420,CCC Mart,HDD 256 GB,1500,6,9000,Cash,FALSE,FALSE
A421,45133,26,Jul,NN421,Name 421,ABC Traders,Mouse,210,2,420,Online,FALSE,FALSE
A422,45134,27,Jul,NN422,Name 422,Super Tech,Monitor,4000,3,12000,Cash,FALSE,FALSE
A423,45135,28,Jul,NN423,Name 423,RG Store,Printer,3200,5,16000,Online,FALSE,FALSE
A424,45136,29,Jul,NN424,Name 424,CCC Mart,Scanner,2900,3,8700,Cash,FALSE,FALSE
A425,45137,30,Jul,NN425,Name 425,ABC Traders,Keyboard,190,1,190,Online,FALSE,FALSE
A426,45138,31,Jul,NN426,Name 426,Super Tech,SSD 256 GB,4000,2,8000,Cash,FALSE,FALSE
A427,45139,1,Aug,NN427,Name 427,RG Store,HDD 256 GB,1500,3,4500,Online,FALSE,FALSE
A428,45140,2,Aug,NN428,Name 428,CCC Mart,Mouse,210,7,1470,Cash,FALSE,FALSE
A429,45141,3,Aug,NN429,Name 429,ABC Traders,Monitor,4000,6,24000,Online,FALSE,FALSE
A430,45142,4,Aug,NN430,Name 430,Super Tech,Printer,3200,1,3200,Cash,FALSE,FALSE
A431,45143,5,Aug,NN431,Name 431,RG Store,Scanner,2900,3,8700,Online,FALSE,FALSE
A432,45144,6,Aug,NN432,Name 432,CCC Mart,Keyboard,190,4,760,Cash,FALSE,FALSE
A433,45145,7,Aug,NN433,Name 433,ABC Traders,SSD 256 GB,4000,2,8000,Online,FALSE,FALSE
A434,45146,8,Aug,NN434,Name 434,Super Tech,HDD 256 GB,1500,3,4500,Cash,FALSE,FALSE
A435,45147,9,Aug,NN435,Name 435,RG Store,Mouse,210,4,840,Online,FALSE,FALSE
A436,45148,10,Aug,NN436,Name 436,CCC Mart,Monitor,4000,5,20000,Cash,FALSE,FALSE
A437,45149,11,Aug,NN437,Name 437,ABC Traders,Printer,3200,6,19200,Online,FALSE,FALSE
A438,45150,12,Aug,NN438,Name 438,Super Tech,Scanner,2900,5,14500,Cash,FALSE,FALSE
A439,45151,13,Aug,NN439,Name 439,RG Store,Keyboard,190,4,760,Online,FALSE,FALSE
A440,45152,14,Aug,NN440,Name 440,CCC Mart,SSD 256 GB,4000,10,40000,Cash,FALSE,FALSE
A441,45153,15,Aug,NN441,Name 441,ABC Traders,HDD 256 GB,1500,3,4500,Online,FALSE,FALSE
A442,45154,16,Aug,NN442,Name 442,Super Tech,Mouse,210,4,840,Cash,FALSE,FALSE
A443,45155,17,Aug,NN443,Name 443,RG Store,Monitor,4000,5,20000,Online,FALSE,FALSE
A444,45156,18,Aug,NN444,Name 444,CCC Mart,Printer,3200,6,19200,Cash,FALSE,FALSE
A445,45157,19,Aug,NN445,Name 445,ABC Traders,Scanner,2900,5,14500,Online,FALSE,FALSE
A446,45158,20,Aug,NN446,Name 446,Super Tech,Keyboard,190,6,1140,Cash,FALSE,FALSE
A447,45159,21,Aug,NN447,Name 447,RG Store,SSD 256 GB,4000,5,20000,Online,FALSE,FALSE
A448,45160,22,Aug,NN448,Name 448,CCC Mart,HDD 256 GB,1500,6,9000,Cash,FALSE,FALSE
A449,45161,23,Aug,NN449,Name 449,ABC Traders,Mouse,210,2,420,Online,FALSE,FALSE
A450,45162,24,Aug,NN450,Name 450,Super Tech,Monitor,4000,3,12000,Cash,FALSE,FALSE
A451,45163,25,Aug,NN451,Name 451,RG Store,Printer,3200,5,16000,Online,FALSE,FALSE
A452,45164,26,Aug,NN452,Name 452,CCC Mart,Scanner,2900,3,8700,Cash,FALSE,FALSE
A453,45165,27,Aug,NN453,Name 453,ABC Traders,Keyboard,190,1,190,Online,FALSE,FALSE
A454,45166,28,Aug,NN454,Name 454,Super Tech,SSD 256 GB,4000,2,8000,Cash,FALSE,FALSE
A455,45167,29,Aug,NN455,Name 455,RG Store,HDD 256 GB,1500,3,4500,Online,FALSE,FALSE
A456,45168,30,Aug,NN456,Name 456,CCC Mart,Mouse,210,7,1470,Cash,FALSE,FALSE
A457,45169,31,Aug,NN457,Name 457,ABC Traders,Monitor,4000,6,24000,Online,FALSE,FALSE
A458,45170,1,Sep,NN458,Name 458,Super Tech,Printer,3200,1,3200,Cash,FALSE,FALSE
A459,45171,2,Sep,NN459,Name 459,RG Store,Scanner,2900,3,8700,Online,FALSE,FALSE
A460,45172,3,Sep,NN460,Name 460,CCC Mart,Keyboard,190,4,760,Cash,FALSE,FALSE
A461,45173,4,Sep,NN461,Name 461,ABC Traders,SSD 256 GB,4000,2,8000,Online,FALSE,FALSE
A462,45174,5,Sep,NN462,Name 462,Super Tech,HDD 256 GB,1500,3,4500,Cash,FALSE,FALSE
A463,45175,6,Sep,NN463,Name 463,RG Store,Mouse,210,4,840,Online,FALSE,FALSE
A464,45176,7,Sep,NN464,Name 464,CCC Mart,Monitor,4000,5,20000,Cash,FALSE,FALSE
A465,45177,8,Sep,NN465,Name 465,ABC Traders,Printer,3200,6,19200,Online,FALSE,FALSE
A466,45178,9,Sep,NN466,Name 466,Super Tech,Scanner,2900,5,14500,Cash,FALSE,FALSE
A467,45179,10,Sep,NN467,Name 467,RG Store,Keyboard,190,4,760,Online,FALSE,FALSE
A468,45180,11,Sep,NN468,Name 468,CCC Mart,SSD 256 GB,4000,10,40000,Cash,FALSE,FALSE
A469,45181,12,Sep,NN469,Name 469,ABC Traders,HDD 256 GB,1500,3,4500,Online,FALSE,FALSE
A470,45182,13,Sep,NN470,Name 470,Super Tech,Mouse,210,4,840,Cash,FALSE,FALSE
A471,45183,14,Sep,NN471,Name 471,RG Store,Monitor,4000,5,20000,Online,FALSE,FALSE
A472,45184,15,Sep,NN472,Name 472,CCC Mart,Printer,3200,6,19200,Cash,FALSE,FALSE
A473,45185,16,Sep,NN473,Name 473,ABC Traders,Scanner,2900,5,14500,Online,FALSE,FALSE
A474,45186,17,Sep,NN474,Name 474,Super Tech,Keyboard,190,6,1140,Cash,FALSE,FALSE
A475,45187,18,Sep,NN475,Name 475,RG Store,SSD 256 GB,4000,5,20000,Online,FALSE,FALSE
A476,45188,19,Sep,NN476,Name 476,CCC Mart,HDD 256 GB,1500,6,9000,Cash,FALSE,FALSE
A477,45189,20,Sep,NN477,Name 477,ABC Traders,Mouse,210,2,420,Online,FALSE,FALSE
A478,45190,21,Sep,NN478,Name 478,Super Tech,Monitor,4000,3,12000,Cash,FALSE,FALSE
A479,45191,22,Sep,NN479,Name 479,RG Store,Printer,3200,5,16000,Online,FALSE,FALSE
A480,45192,23,Sep,NN480,Name 480,CCC Mart,Scanner,2900,3,8700,Cash,FALSE,FALSE
A481,45193,24,Sep,NN481,Name 481,ABC Traders,Keyboard,190,1,190,Online,FALSE,FALSE
A482,45194,25,Sep,NN482,Name 482,Super Tech,SSD 256 GB,4000,2,8000,Cash,FALSE,FALSE
A483,45195,26,Sep,NN483,Name 483,RG Store,HDD 256 GB,1500,3,4500,Online,FALSE,FALSE
A484,45196,27,Sep,NN484,Name 484,CCC Mart,Mouse,210,7,1470,Cash,FALSE,FALSE
A485,45197,28,Sep,NN485,Name 485,ABC Traders,Monitor,4000,6,24000,Online,FALSE,FALSE
A486,45198,29,Sep,NN486,Name 486,Super Tech,Printer,3200,1,3200,Cash,FALSE,FALSE
A487,45199,30,Sep,NN487,Name 487,RG Store,Scanner,2900,3,8700,Online,FALSE,FALSE
A488,45200,1,Oct,NN488,Name 488,CCC Mart,Keyboard,190,4,760,Cash,FALSE,FALSE
A489,45201,2,Oct,NN489,Name 489,ABC Traders,SSD 256 GB,4000,2,8000,Online,FALSE,FALSE
A490,45202,3,Oct,NN490,Name 490,Super Tech,HDD 256 GB,1500,3,4500,Cash,FALSE,FALSE
A491,45203,4,Oct,NN491,Name 491,RG Store,Mouse,210,4,840,Online,FALSE,FALSE
A492,45204,5,Oct,NN492,Name 492,CCC Mart,Monitor,4000,5,20000,Cash,FALSE,FALSE
A493,45205,6,Oct,NN493,Name 493,ABC Traders,Printer,3200,6,19200,Online,FALSE,FALSE
A494,45206,7,Oct,NN494,Name 494,Super Tech,Scanner,2900,5,14500,Cash,FALSE,FALSE
A495,45207,8,Oct,NN495,Name 495,RG Store,Keyboard,190,4,760,Online,FALSE,FALSE
A496,45208,9,Oct,NN496,Name 496,CCC Mart,SSD 256 GB,4000,10,40000,Cash,FALSE,FALSE
A497,45209,10,Oct,NN497,Name 497,ABC Traders,HDD 256 GB,1500,3,4500,Online,FALSE,FALSE
A498,45210,11,Oct,NN498,Name 498,Super Tech,Mouse,210,4,840,Cash,FALSE,FALSE
A499,45211,12,Oct,NN499,Name 499,RG Store,Monitor,4000,5,20000,Online,FALSE,FALSE
A500,45212,13,Oct,NN500,Name 500,CCC Mart,Printer,3200,6,19200,Cash,FALSE,FALSE
A501,45213,14,Oct,NN501,Name 501,ABC Traders,Scanner,2900,5,14500,Online,FALSE,FALSE
A502,45214,15,Oct,NN502,Name 502,Super Tech,Keyboard,190,6,1140,Cash,FALSE,FALSE
A503,45215,16,Oct,NN503,Name 503,RG Store,SSD 256 GB,4000,5,20000,Online,FALSE,FALSE
A504,45216,17,Oct,NN504,Name 504,CCC Mart,HDD 256 GB,1500,6,9000,Cash,FALSE,FALSE
A505,45217,18,Oct,NN505,Name 505,ABC Traders,Mouse,210,2,420,Online,FALSE,FALSE
A506,45218,19,Oct,NN506,Name 506,Super Tech,Monitor,4000,3,12000,Cash,FALSE,FALSE
A507,45219,20,Oct,NN507,Name 507,RG Store,Printer,3200,5,16000,Online,FALSE,FALSE
A508,45220,21,Oct,NN508,Name 508,CCC Mart,Scanner,2900,3,8700,Cash,FALSE,FALSE
A509,45221,22,Oct,NN509,Name 509,ABC Traders,Keyboard,190,1,190,Online,FALSE,FALSE
A510,45222,23,Oct,NN510,Name 510,Super Tech,SSD 256 GB,4000,2,8000,Cash,FALSE,FALSE
A511,45223,24,Oct,NN511,Name 511,RG Store,HDD 256 GB,1500,3,4500,Online,FALSE,FALSE
A512,45224,25,Oct,NN512,Name 512,CCC Mart,Mouse,210,7,1470,Cash,FALSE,FALSE
A513,45225,26,Oct,NN513,Name 513,ABC Traders,Monitor,4000,6,24000,Online,FALSE,FALSE
A514,45226,27,Oct,NN514,Name 514,Super Tech,Printer,3200,1,3200,Cash,FALSE,FALSE
A515,45227,28,Oct,NN515,Name 515,RG Store,Scanner,2900,3,8700,Online,FALSE,FALSE
A516,45228,29,Oct,NN516,Name 516,CCC Mart,Keyboard,190,4,760,Cash,FALSE,FALSE
A517,45229,30,Oct,NN517,Name 517,ABC Traders,SSD 256 GB,4000,2,8000,Online,FALSE,FALSE
A518,45230,31,Oct,NN518,Name 518,Super Tech,HDD 256 GB,1500,3,4500,Cash,FALSE,FALSE
A519,45231,1,Nov,NN519,Name 519,RG Store,Mouse,210,4,840,Online,FALSE,FALSE
A520,45232,2,Nov,NN520,Name 520,CCC Mart,Monitor,4000,5,20000,Cash,FALSE,FALSE
A521,45233,3,Nov,NN521,Name 521,ABC Traders,Printer,3200,6,19200,Online,FALSE,FALSE
A522,45234,4,Nov,NN522,Name 522,Super Tech,Scanner,2900,5,14500,Cash,FALSE,FALSE
A523,45235,5,Nov,NN523,Name 523,RG Store,Keyboard,190,4,760,Online,FALSE,FALSE
A524,45236,6,Nov,NN524,Name 524,CCC Mart,SSD 256 GB,4000,10,40000,Cash,FALSE,FALSE
A525,45237,7,Nov,NN525,Name 525,ABC Traders,HDD 256 GB,1500,3,4500,Online,FALSE,FALSE
A526,45238,8,Nov,NN526,Name 526,Super Tech,Mouse,210,4,840,Cash,FALSE,FALSE
A527,45239,9,Nov,NN527,Name 527,RG Store,Monitor,4000,5,20000,Online,FALSE,FALSE
A528,45240,10,Nov,NN528,Name 528,CCC Mart,Printer,3200,6,19200,Cash,FALSE,FALSE
A529,45241,11,Nov,NN529,Name 529,ABC Traders,Scanner,2900,5,14500,Online,FALSE,FALSE
A530,45242,12,Nov,NN530,Name 530,Super Tech,Keyboard,190,6,1140,Cash,FALSE,FALSE
A531,45243,13,Nov,NN531,Name 531,RG Store,SSD 256 GB,4000,5,20000,Online,FALSE,FALSE
A532,45244,14,Nov,NN532,Name 532,CCC Mart,HDD 256 GB,1500,6,9000,Cash,FALSE,FALSE
A533,45245,15,Nov,NN533,Name 533,ABC Traders,Mouse,210,2,420,Online,FALSE,FALSE
A534,45246,16,Nov,NN534,Name 534,Super Tech,Monitor,4000,3,12000,Cash,FALSE,FALSE
A535,45247,17,Nov,NN535,Name 535,RG Store,Printer,3200,5,16000,Online,FALSE,FALSE
A536,45248,18,Nov,NN536,Name 536,CCC Mart,Scanner,2900,3,8700,Cash,FALSE,FALSE
A537,45249,19,Nov,NN537,Name 537,ABC Traders,Keyboard,190,1,190,Online,FALSE,FALSE
A538,45250,20,Nov,NN538,Name 538,Super Tech,SSD 256 GB,4000,2,8000,Cash,FALSE,FALSE
A539,45251,21,Nov,NN539,Name 539,RG Store,HDD 256 GB,1500,3,4500,Online,FALSE,FALSE
A540,45252,22,Nov,NN540,Name 540,CCC Mart,Mouse,210,7,1470,Cash,FALSE,FALSE
A541,45253,23,Nov,NN541,Name 541,ABC Traders,Monitor,4000,6,24000,Online,FALSE,FALSE
A542,45254,24,Nov,NN542,Name 542,Super Tech,Printer,3200,1,3200,Cash,FALSE,FALSE
A543,45255,25,Nov,NN543,Name 543,RG Store,Scanner,2900,3,8700,Online,FALSE,FALSE
A544,45256,26,Nov,NN544,Name 544,CCC Mart,Keyboard,190,4,760,Cash,FALSE,FALSE
A545,45257,27,Nov,NN545,Name 545,ABC Traders,SSD 256 GB,4000,2,8000,Online,FALSE,FALSE
A546,45258,28,Nov,NN546,Name 546,Super Tech,HDD 256 GB,1500,3,4500,Cash,FALSE,FALSE
A547,45259,29,Nov,NN547,Name 547,RG Store,Mouse,210,4,840,Online,FALSE,FALSE
A548,45260,30,Nov,NN548,Name 548,CCC Mart,Monitor,4000,5,20000,Cash,FALSE,FALSE
A549,45261,1,Dec,NN549,Name 549,ABC Traders,Printer,3200,6,19200,Online,FALSE,FALSE
A550,45262,2,Dec,NN550,Name 550,Super Tech,Scanner,2900,5,14500,Cash,FALSE,FALSE
A551,45263,3,Dec,NN551,Name 551,RG Store,Keyboard,190,4,760,Online,FALSE,FALSE
A552,45264,4,Dec,NN552,Name 552,CCC Mart,SSD 256 GB,4000,10,40000,Cash,FALSE,FALSE
A553,45265,5,Dec,NN553,Name 553,ABC Traders,HDD 256 GB,1500,3,4500,Online,FALSE,FALSE
A554,45266,6,Dec,NN554,Name 554,Super Tech,Mouse,210,4,840,Cash,FALSE,FALSE
A555,45267,7,Dec,NN555,Name 555,RG Store,Monitor,4000,5,20000,Online,FALSE,FALSE
A556,45268,8,Dec,NN556,Name 556,CCC Mart,Printer,3200,6,19200,Cash,FALSE,FALSE
A557,45269,9,Dec,NN557,Name 557,ABC Traders,Scanner,2900,5,14500,Online,FALSE,FALSE
A558,45270,10,Dec,NN558,Name 558,Super Tech,Keyboard,190,6,1140,Cash,FALSE,FALSE
A559,45271,11,Dec,NN559,Name 559,RG Store,SSD 256 GB,4000,5,20000,Online,FALSE,FALSE
A560,45272,12,Dec,NN560,Name 560,CCC Mart,HDD 256 GB,1500,6,9000,Cash,FALSE,FALSE
A561,45273,13,Dec,NN561,Name 561,ABC Traders,Mouse,210,2,420,Online,FALSE,FALSE
A562,45274,14,Dec,NN562,Name 562,Super Tech,Monitor,4000,3,12000,Cash,FALSE,FALSE
A563,45275,15,Dec,NN563,Name 563,RG Store,Printer,3200,5,16000,Online,FALSE,FALSE
A564,45276,16,Dec,NN564,Name 564,CCC Mart,Scanner,2900,3,8700,Cash,FALSE,FALSE
A565,45277,17,Dec,NN565,Name 565,ABC Traders,Keyboard,190,1,190,Online,FALSE,FALSE
A566,45278,18,Dec,NN566,Name 566,Super Tech,SSD 256 GB,4000,2,8000,Cash,FALSE,FALSE
A567,45279,19,Dec,NN567,Name 567,RG Store,HDD 256 GB,1500,3,4500,Online,FALSE,FALSE
A568,45280,20,Dec,NN568,Name 568,CCC Mart,Mouse,210,7,1470,Cash,FALSE,FALSE
A569,45281,21,Dec,NN569,Name 569,ABC Traders,Monitor,4000,6,24000,Online,FALSE,FALSE
A570,45282,22,Dec,NN570,Name 570,Super Tech,Printer,3200,1,3200,Cash,FALSE,FALSE
A571,45283,23,Dec,NN571,Name 571,RG Store,Scanner,2900,3,8700,Online,FALSE,FALSE
A572,45284,24,Dec,NN572,Name 572,CCC Mart,Keyboard,190,4,760,Cash,FALSE,FALSE
A573,45285,25,Dec,NN573,Name 573,ABC Traders,SSD 256 GB,4000,2,8000,Online,FALSE,FALSE
A574,45286,26,Dec,NN574,Name 574,Super Tech,HDD 256 GB,1500,3,4500,Cash,FALSE,FALSE
A575,45287,27,Dec,NN575,Name 575,RG Store,Mouse,210,4,840,Online,FALSE,FALSE
A576,45288,28,Dec,NN576,Name 576,CCC Mart,Monitor,4000,5,20000,Cash,FALSE,FALSE
A577,45289,29,Dec,NN577,Name 577,ABC Traders,Printer,3200,6,19200,Online,FALSE,FALSE
A578,45290,30,Dec,NN578,Name 578,Super Tech,Scanner,2900,5,14500,Cash,FALSE,FALSE
A579,45291,31,Dec,NN579,Name 579,RG Store,Keyboard,190,4,760,Online,FALSE,FALSE
A580,45292,1,Jan,NN580,Name 580,CCC Mart,SSD 256 GB,4000,10,40000,Cash,FALSE,FALSE
A581,45293,2,Jan,NN581,Name 581,ABC Traders,HDD 256 GB,1500,3,4500,Online,FALSE,FALSE
A582,45294,3,Jan,NN582,Name 582,Super Tech,Mouse,210,4,840,Cash,FALSE,FALSE
A583,45295,4,Jan,NN583,Name 583,RG Store,Monitor,4000,5,20000,Online,FALSE,FALSE
A584,45296,5,Jan,NN584,Name 584,CCC Mart,Printer,3200,6,19200,Cash,FALSE,FALSE
A585,45297,6,Jan,NN585,Name 585,ABC Traders,Scanner,2900,5,14500,Online,FALSE,FALSE
A586,45298,7,Jan,NN586,Name 586,Super Tech,Keyboard,190,6,1140,Cash,FALSE,FALSE
A587,45299,8,Jan,NN587,Name 587,RG Store,SSD 256 GB,4000,5,20000,Online,FALSE,FALSE
A588,45300,9,Jan,NN588,Name 588,CCC Mart,HDD 256 GB,1500,6,9000,Cash,FALSE,FALSE
A589,45301,10,Jan,NN589,Name 589,ABC Traders,Mouse,210,2,420,Online,FALSE,FALSE
A590,45302,11,Jan,NN590,Name 590,Super Tech,Monitor,4000,3,12000,Cash,FALSE,FALSE
A591,45303,12,Jan,NN591,Name 591,RG Store,Printer,3200,5,16000,Online,FALSE,FALSE
A592,45304,13,Jan,NN592,Name 592,CCC Mart,Scanner,2900,3,8700,Cash,FALSE,FALSE
A593,45305,14,Jan,NN593,Name 593,ABC Traders,Keyboard,190,1,190,Online,FALSE,FALSE
A594,45306,15,Jan,NN594,Name 594,Super Tech,SSD 256 GB,4000,2,8000,Cash,FALSE,FALSE
A595,45307,16,Jan,NN595,Name 595,RG Store,HDD 256 GB,1500,3,4500,Online,FALSE,FALSE
A596,45308,17,Jan,NN596,Name 596,CCC Mart,Mouse,210,7,1470,Cash,FALSE,FALSE
A597,45309,18,Jan,NN597,Name 597,ABC Traders,Monitor,4000,6,24000,Online,FALSE,FALSE
A598,45310,19,Jan,NN598,Name 598,Super Tech,Printer,3200,1,3200,Cash,FALSE,FALSE
A599,45311,20,Jan,NN599,Name 599,RG Store,Scanner,2900,3,8700,Online,FALSE,FALSE
A600,45312,21,Jan,NN600,Name 600,CCC Mart,Keyboard,190,4,760,Cash,FALSE,FALSE
A601,45313,22,Jan,NN601,Name 601,ABC Traders,SSD 256 GB,4000,2,8000,Online,FALSE,FALSE
A602,45314,23,Jan,NN602,Name 602,Super Tech,HDD 256 GB,1500,3,4500,Cash,FALSE,FALSE
A603,45315,24,Jan,NN603,Name 603,RG Store,Mouse,210,4,840,Online,FALSE,FALSE
A604,45316,25,Jan,NN604,Name 604,CCC Mart,Monitor,4000,5,20000,Cash,FALSE,FALSE
A605,45317,26,Jan,NN605,Name 605,ABC Traders,Printer,3200,6,19200,Online,FALSE,FALSE
A606,45318,27,Jan,NN606,Name 606,Super Tech,Scanner,2900,5,14500,Cash,FALSE,FALSE
A607,45319,28,Jan,NN607,Name 607,RG Store,Keyboard,190,4,760,Online,FALSE,FALSE
A608,45320,29,Jan,NN608,Name 608,CCC Mart,SSD 256 GB,4000,10,40000,Cash,FALSE,FALSE
A609,45321,30,Jan,NN609,Name 609,ABC Traders,HDD 256 GB,1500,3,4500,Online,FALSE,FALSE
A610,45322,31,Jan,NN610,Name 610,Super Tech,Mouse,210,4,840,Cash,FALSE,FALSE
A611,45323,1,Feb,NN611,Name 611,RG Store,Monitor,4000,5,20000,Online,FALSE,FALSE
A612,45324,2,Feb,NN612,Name 612,CCC Mart,Printer,3200,6,19200,Cash,FALSE,FALSE
A613,45325,3,Feb,NN613,Name 613,ABC Traders,Scanner,2900,5,14500,Online,FALSE,FALSE
A614,45326,4,Feb,NN614,Name 614,Super Tech,Keyboard,190,6,1140,Cash,FALSE,FALSE
A615,45327,5,Feb,NN615,Name 615,RG Store,SSD 256 GB,4000,5,20000,Online,FALSE,FALSE
A616,45328,6,Feb,NN616,Name 616,CCC Mart,HDD 256 GB,1500,6,9000,Cash,FALSE,FALSE
A617,45329,7,Feb,NN617,Name 617,ABC Traders,Mouse,210,2,420,Online,FALSE,FALSE
A618,45330,8,Feb,NN618,Name 618,Super Tech,Monitor,4000,3,12000,Cash,FALSE,FALSE
A619,45331,9,Feb,NN619,Name 619,RG Store,Printer,3200,5,16000,Online,FALSE,FALSE
A620,45332,10,Feb,NN620,Name 620,CCC Mart,Scanner,2900,3,8700,Cash,FALSE,FALSE
A621,45333,11,Feb,NN621,Name 621,ABC Traders,Keyboard,190,1,190,Online,FALSE,FALSE
A622,45334,12,Feb,NN622,Name 622,Super Tech,SSD 256 GB,4000,2,8000,Cash,FALSE,FALSE
A623,45335,13,Feb,NN623,Name 623,RG Store,HDD 256 GB,1500,3,4500,Online,FALSE,FALSE
A624,45336,14,Feb,NN624,Name 624,CCC Mart,Mouse,210,7,1470,Cash,FALSE,FALSE
A625,45337,15,Feb,NN625,Name 625,ABC Traders,Monitor,4000,6,24000,Online,FALSE,FALSE
A626,45338,16,Feb,NN626,Name 626,Super Tech,Printer,3200,1,3200,Cash,FALSE,FALSE
A627,45339,17,Feb,NN627,Name 627,RG Store,Scanner,2900,3,8700,Online,FALSE,FALSE
A628,45340,18,Feb,NN628,Name 628,CCC Mart,Keyboard,190,4,760,Cash,FALSE,FALSE
A629,45341,19,Feb,NN629,Name 629,ABC Traders,SSD 256 GB,4000,2,8000,Online,FALSE,FALSE
A630,45342,20,Feb,NN630,Name 630,Super Tech,HDD 256 GB,1500,3,4500,Cash,FALSE,FALSE
A631,45343,21,Feb,NN631,Name 631,RG Store,Mouse,210,4,840,Online,FALSE,FALSE
A632,45344,22,Feb,NN632,Name 632,CCC Mart,Monitor,4000,5,20000,Cash,FALSE,FALSE
A633,45345,23,Feb,NN633,Name 633,ABC Traders,Printer,3200,6,19200,Online,FALSE,FALSE
A634,45346,24,Feb,NN634,Name 634,Super Tech,Scanner,2900,5,14500,Cash,FALSE,FALSE
A635,45347,25,Feb,NN635,Name 635,RG Store,Keyboard,190,4,760,Online,FALSE,FALSE
A636,45348,26,Feb,NN636,Name 636,CCC Mart,SSD 256 GB,4000,10,40000,Cash,FALSE,FALSE
A637,45349,27,Feb,NN637,Name 637,ABC Traders,HDD 256 GB,1500,3,4500,Online,FALSE,FALSE
A638,45350,28,Feb,NN638,Name 638,Super Tech,Mouse,210,4,840,Cash,FALSE,FALSE
A639,45351,29,Feb,NN639,Name 639,RG Store,Monitor,4000,5,20000,Online,FALSE,FALSE
A640,45352,1,Mar,NN640,Name 640,CCC Mart,Printer,3200,6,19200,Cash,FALSE,FALSE
A641,45353,2,Mar,NN641,Name 641,ABC Traders,Scanner,2900,5,14500,Online,FALSE,FALSE
A642,45354,3,Mar,NN642,Name 642,Super Tech,Keyboard,190,6,1140,Cash,FALSE,FALSE
A643,45355,4,Mar,NN643,Name 643,RG Store,SSD 256 GB,4000,5,20000,Online,FALSE,FALSE
A644,45356,5,Mar,NN644,Name 644,CCC Mart,HDD 256 GB,1500,6,9000,Cash,FALSE,FALSE
A645,45357,6,Mar,NN645,Name 645,ABC Traders,Mouse,210,2,420,Online,FALSE,FALSE
A646,45358,7,Mar,NN646,Name 646,Super Tech,Monitor,4000,3,12000,Cash,FALSE,FALSE
A647,45359,8,Mar,NN647,Name 647,RG Store,Printer,3200,5,16000,Online,FALSE,FALSE
A648,45360,9,Mar,NN648,Name 648,CCC Mart,Scanner,2900,3,8700,Cash,FALSE,FALSE
A649,45361,10,Mar,NN649,Name 649,ABC Traders,Keyboard,190,1,190,Online,FALSE,FALSE
A650,45362,11,Mar,NN650,Name 650,Super Tech,SSD 256 GB,4000,2,8000,Cash,FALSE,FALSE
A651,45363,12,Mar,NN651,Name 651,RG Store,HDD 256 GB,1500,3,4500,Online,FALSE,FALSE
A652,45364,13,Mar,NN652,Name 652,CCC Mart,Mouse,210,7,1470,Cash,FALSE,FALSE
A653,45365,14,Mar,NN653,Name 653,ABC Traders,Monitor,4000,6,24000,Online,FALSE,FALSE
A654,45366,15,Mar,NN654,Name 654,Super Tech,Printer,3200,1,3200,Cash,FALSE,FALSE
A655,45367,16,Mar,NN655,Name 655,RG Store,Scanner,2900,3,8700,Online,FALSE,FALSE
A656,45368,17,Mar,NN656,Name 656,CCC Mart,Keyboard,190,4,760,Cash,FALSE,FALSE
A657,45369,18,Mar,NN657,Name 657,ABC Traders,SSD 256 GB,4000,2,8000,Online,FALSE,FALSE
A658,45370,19,Mar,NN658,Name 658,Super Tech,HDD 256 GB,1500,3,4500,Cash,FALSE,FALSE
A659,45371,20,Mar,NN659,Name 659,RG Store,Mouse,210,4,840,Online,FALSE,FALSE
A660,45372,21,Mar,NN660,Name 660,CCC Mart,Monitor,4000,5,20000,Cash,FALSE,FALSE
A661,45373,22,Mar,NN661,Name 661,ABC Traders,Printer,3200,6,19200,Online,FALSE,FALSE
A662,45374,23,Mar,NN662,Name 662,Super Tech,Scanner,2900,5,14500,Cash,FALSE,FALSE
A663,45375,24,Mar,NN663,Name 663,RG Store,Keyboard,190,4,760,Online,FALSE,FALSE
A664,45376,25,Mar,NN664,Name 664,CCC Mart,SSD 256 GB,4000,10,40000,Cash,FALSE,FALSE
A665,45377,26,Mar,NN665,Name 665,ABC Traders,HDD 256 GB,1500,3,4500,Online,FALSE,FALSE
A666,45378,27,Mar,NN666,Name 666,Super Tech,Mouse,210,4,840,Cash,FALSE,FALSE
A667,45379,28,Mar,NN667,Name 667,RG Store,Monitor,4000,5,20000,Online,FALSE,FALSE
A668,45380,29,Mar,NN668,Name 668,CCC Mart,Printer,3200,6,19200,Cash,FALSE,FALSE
A669,45381,30,Mar,NN669,Name 669,ABC Traders,Scanner,2900,5,14500,Online,FALSE,FALSE
A670,45382,31,Mar,NN670,Name 670,Super Tech,Keyboard,190,6,1140,Cash,FALSE,FALSE
A671,45383,1,Apr,NN671,Name 671,RG Store,SSD 256 GB,4000,5,20000,Online,FALSE,FALSE
A672,45384,2,Apr,NN672,Name 672,CCC Mart,HDD 256 GB,1500,6,9000,Cash,FALSE,FALSE
A673,45385,3,Apr,NN673,Name 673,ABC Traders,Mouse,210,2,420,Online,FALSE,FALSE
A674,45386,4,Apr,NN674,Name 674,Super Tech,Monitor,4000,3,12000,Cash,FALSE,FALSE
A675,45387,5,Apr,NN675,Name 675,RG Store,Printer,3200,5,16000,Online,FALSE,FALSE
A676,45388,6,Apr,NN676,Name 676,CCC Mart,Scanner,2900,3,8700,Cash,FALSE,FALSE
A677,45389,7,Apr,NN677,Name 677,ABC Traders,Keyboard,190,1,190,Online,FALSE,FALSE
A678,45390,8,Apr,NN678,Name 678,Super Tech,SSD 256 GB,4000,2,8000,Cash,FALSE,FALSE
A679,45391,9,Apr,NN679,Name 679,RG Store,HDD 256 GB,1500,3,4500,Online,FALSE,FALSE
A680,45392,10,Apr,NN680,Name 680,CCC Mart,Mouse,210,7,1470,Cash,FALSE,FALSE
A681,45393,11,Apr,NN681,Name 681,ABC Traders,Monitor,4000,6,24000,Online,FALSE,FALSE
A682,45394,12,Apr,NN682,Name 682,Super Tech,Printer,3200,1,3200,Cash,FALSE,FALSE
A683,45395,13,Apr,NN683,Name 683,RG Store,Scanner,2900,3,8700,Online,FALSE,FALSE
A684,45396,14,Apr,NN684,Name 684,CCC Mart,Keyboard,190,4,760,Cash,FALSE,FALSE
A685,45397,15,Apr,NN685,Name 685,ABC Traders,SSD 256 GB,4000,2,8000,Online,FALSE,FALSE
A686,45398,16,Apr,NN686,Name 686,Super Tech,HDD 256 GB,1500,3,4500,Cash,FALSE,FALSE
A687,45399,17,Apr,NN687,Name 687,RG Store,Mouse,210,4,840,Online,FALSE,FALSE
A688,45400,18,Apr,NN688,Name 688,CCC Mart,Monitor,4000,5,20000,Cash,FALSE,FALSE
A689,45401,19,Apr,NN689,Name 689,ABC Traders,Printer,3200,6,19200,Online,FALSE,FALSE
A690,45402,20,Apr,NN690,Name 690,Super Tech,Scanner,2900,5,14500,Cash,FALSE,FALSE
A691,45403,21,Apr,NN691,Name 691,RG Store,Keyboard,190,4,760,Online,FALSE,FALSE
A692,45404,22,Apr,NN692,Name 692,CCC Mart,SSD 256 GB,4000,10,40000,Cash,FALSE,FALSE
A693,45405,23,Apr,NN693,Name 693,ABC Traders,HDD 256 GB,1500,3,4500,Online,FALSE,FALSE
A694,45406,24,Apr,NN694,Name 694,Super Tech,Mouse,210,4,840,Cash,FALSE,FALSE
A695,45407,25,Apr,NN695,Name 695,RG Store,Monitor,4000,5,20000,Online,FALSE,FALSE
A696,45408,26,Apr,NN696,Name 696,CCC Mart,Printer,3200,6,19200,Cash,FALSE,FALSE
A697,45409,27,Apr,NN697,Name 697,ABC Traders,Scanner,2900,5,14500,Online,FALSE,FALSE
A698,45410,28,Apr,NN698,Name 698,Super Tech,Keyboard,190,6,1140,Cash,FALSE,FALSE
A699,45411,29,Apr,NN699,Name 699,RG Store,SSD 256 GB,4000,5,20000,Online,FALSE,FALSE
A700,45412,30,Apr,NN700,Name 700,CCC Mart,HDD 256 GB,1500,6,9000,Cash,FALSE,FALSE
A701,45413,1,May,NN701,Name 701,ABC Traders,Mouse,210,2,420,Online,FALSE,FALSE
A702,45414,2,May,NN702,Name 702,Super Tech,Monitor,4000,3,12000,Cash,FALSE,TRUE
A703,45415,3,May,NN703,Name 703,RG Store,Printer,3200,5,16000,Online,FALSE,TRUE
A704,45416,4,May,NN704,Name 704,CCC Mart,Scanner,2900,3,8700,Cash,FALSE,TRUE
A705,45417,5,May,NN705,Name 705,ABC Traders,Keyboard,190,1,190,Online,FALSE,TRUE
A706,45418,6,May,NN706,Name 706,Super Tech,SSD 256 GB,4000,2,8000,Cash,FALSE,TRUE
A707,45419,7,May,NN707,Name 707,RG Store,HDD 256 GB,1500,3,4500,Online,FALSE,TRUE
A708,45420,8,May,NN708,Name 708,CCC Mart,Mouse,210,7,1470,Cash,FALSE,TRUE
A709,45421,9,May,NN709,Name 709,ABC Traders,Monitor,4000,6,24000,Online,FALSE,TRUE
A710,45422,10,May,NN710,Name 710,Super Tech,Printer,3200,1,3200,Cash,FALSE,TRUE
A711,45423,11,May,NN711,Name 711,RG Store,Scanner,2900,3,8700,Online,FALSE,TRUE
A712,45424,12,May,NN712,Name 712,CCC Mart,Keyboard,190,4,760,Cash,FALSE,TRUE
A713,45425,13,May,NN713,Name 713,ABC Traders,SSD 256 GB,4000,2,8000,Online,FALSE,TRUE
A714,45426,14,May,NN714,Name 714,Super Tech,HDD 256 GB,1500,3,4500,Cash,FALSE,TRUE
A715,45427,15,May,NN715,Name 715,RG Store,Mouse,210,4,840,Online,FALSE,TRUE
A716,45428,16,May,NN716,Name 716,CCC Mart,Monitor,4000,5,20000,Cash,FALSE,TRUE
A717,45429,17,May,NN717,Name 717,ABC Traders,Printer,3200,6,19200,Online,FALSE,TRUE
A718,45430,18,May,NN718,Name 718,Super Tech,Scanner,2900,5,14500,Cash,FALSE,TRUE
A719,45431,19,May,NN719,Name 719,RG Store,Keyboard,190,4,760,Online,FALSE,TRUE
A720,45432,20,May,NN720,Name 720,CCC Mart,SSD 256 GB,4000,10,40000,Cash,FALSE,TRUE
A721,45433,21,May,NN721,Name 721,ABC Traders,HDD 256 GB,1500,3,4500,Online,FALSE,TRUE
A722,45434,22,May,NN722,Name 722,Super Tech,Mouse,210,4,840,Cash,FALSE,TRUE
A723,45435,23,May,NN723,Name 723,RG Store,Monitor,4000,5,20000,Online,FALSE,TRUE
A724,45436,24,May,NN724,Name 724,CCC Mart,Printer,3200,6,19200,Cash,FALSE,TRUE
A725,45437,25,May,NN725,Name 725,ABC Traders,Scanner,2900,5,14500,Online,FALSE,TRUE
A726,45438,26,May,NN726,Name 726,Super Tech,Keyboard,190,6,1140,Cash,FALSE,TRUE
A727,45439,27,May,NN727,Name 727,RG Store,SSD 256 GB,4000,5,20000,Online,FALSE,TRUE
A728,45440,28,May,NN728,Name 728,CCC Mart,HDD 256 GB,1500,6,9000,Cash,FALSE,TRUE
A729,45441,29,May,NN729,Name 729,ABC Traders,Mouse,210,2,420,Online,FALSE,TRUE
A730,45442,30,May,NN730,Name 730,Super Tech,Monitor,4000,3,12000,Cash,TRUE,FALSE
A731,45443,31,May,NN731,Name 731,RG Store,Printer,3200,5,16000,Online,TRUE,FALSE
A732,45444,1,Jun,NN732,Name 732,CCC Mart,Scanner,2900,3,8700,Cash,TRUE,FALSE
A733,45445,2,Jun,NN733,Name 733,ABC Traders,Keyboard,190,1,190,Online,TRUE,FALSE
A734,45446,3,Jun,NN734,Name 734,Super Tech,SSD 256 GB,4000,2,8000,Cash,TRUE,FALSE
A735,45447,4,Jun,NN735,Name 735,RG Store,HDD 256 GB,1500,3,4500,Online,TRUE,FALSE
A736,45448,5,Jun,NN736,Name 736,RG Store,Keyboard,210,5,1050,Cash,TRUE,FALSE
A737,45449,6,Jun,NN737,Name 737,CCC Mart,SSD 256 GB,4000,6,24000,Online,TRUE,FALSE
A738,45450,7,Jun,NN738,Name 738,ABC Traders,HDD 256 GB,3200,5,16000,Cash,TRUE,FALSE
A739,45451,8,Jun,NN739,Name 739,RG Store,Keyboard,2900,6,17400,Online,TRUE,FALSE
A740,45452,9,Jun,NN740,Name 740,CCC Mart,SSD 256 GB,190,5,950,Cash,TRUE,FALSE
A741,45453,10,Jun,NN741,Name 741,ABC Traders,HDD 256 GB,4000,6,24000,Online,TRUE,FALSE
A742,45454,11,Jun,NN719,Name 719,RG Store,Keyboard,1500,2,3000,Cash,TRUE,FALSE
A743,45455,12,Jun,NN720,Name 720,CCC Mart,SSD 256 GB,210,3,630,Online,TRUE,FALSE
A744,45456,13,Jun,NN721,Name 721,ABC Traders,HDD 256 GB,4000,3,12000,Cash,TRUE,FALSE
A745,45457,14,Jun,NN722,Name 722,Super Tech,Mouse,3200,4,12800,Online,TRUE,FALSE
A746,45458,15,Jun,NN723,Name 723,RG Store,Monitor,2900,5,14500,Cash,TRUE,FALSE
A747,45459,16,Jun,NN724,Name 724,CCC Mart,Printer,190,6,1140,Online,TRUE,FALSE
A748,45460,17,Jun,NN725,Name 725,ABC Traders,Scanner,4000,5,20000,Cash,TRUE,FALSE
A749,45461,18,Jun,NN726,Name 726,Super Tech,Keyboard,1500,6,9000,Online,TRUE,FALSE
A750,45462,19,Jun,NN727,Name 727,RG Store,SSD 256 GB,210,5,1050,Cash,TRUE,FALSE
A751,45463,20,Jun,NN728,Name 728,CCC Mart,HDD 256 GB,4000,6,24000,Online,TRUE,FALSE
A752,45464,21,Jun,NN729,Name 729,ABC Traders,Mouse,3200,2,6400,Cash,TRUE,FALSE
A753,45465,22,Jun,NN730,Name 730,Super Tech,Monitor,2900,3,8700,Online,TRUE,FALSE
A754,45466,23,Jun,NN731,Name 731,RG Store,Printer,190,5,950,Cash,TRUE,FALSE
A755,45467,24,Jun,NN732,Name 732,CCC Mart,Scanner,4000,3,12000,Online,TRUE,FALSE
A756,45468,25,Jun,NN733,Name 733,ABC Traders,Keyboard,1500,1,1500,Cash,TRUE,FALSE
A757,45469,26,Jun,NN734,Name 734,Super Tech,SSD 256 GB,210,2,420,Online,TRUE,FALSE
A758,45470,27,Jun,NN735,Name 735,RG Store,HDD 256 GB,4000,5,20000,Cash,FALSE,FALSE
A759,45471,28,Jun,NN736,Name 736,RG Store,Keyboard,3200,6,19200,Online,FALSE,FALSE
A760,45472,29,Jun,NN737,Name 737,CCC Mart,SSD 256 GB,2900,2,5800,Cash,FALSE,FALSE
A761,45473,30,Jun,NN738,Name 738,ABC Traders,HDD 256 GB,190,3,570,Online,FALSE,FALSE
A762,45474,1,Jul,NN739,Name 739,RG Store,Keyboard,4000,5,20000,Cash,FALSE,FALSE
A763,45475,2,Jul,NN740,Name 740,CCC Mart,SSD 256 GB,1500,3,4500,Online,FALSE,FALSE
A764,45476,3,Jul,NN741,Name 741,ABC Traders,HDD 256 GB,210,1,210,Cash,FALSE,FALSE
A765,45477,4,Jul,NN719,Name 719,RG Store,Keyboard,4000,4,16000,Online,FALSE,FALSE
A766,45478,5,Jul,NN720,Name 720,CCC Mart,SSD 256 GB,3200,10,32000,Cash,FALSE,FALSE
A767,45479,6,Jul,NN721,Name 721,ABC Traders,HDD 256 GB,2900,3,8700,Online,FALSE,FALSE
A768,45480,7,Jul,NN722,Name 722,Super Tech,Mouse,190,4,760,Cash,FALSE,FALSE
A769,45481,8,Jul,NN723,Name 723,RG Store,Monitor,4000,5,20000,Online,FALSE,FALSE
A770,45482,9,Jul,NN724,Name 724,CCC Mart,Printer,1500,6,9000,Cash,FALSE,FALSE
A771,45483,10,Jul,NN725,Name 725,ABC Traders,Scanner,210,5,1050,Online,FALSE,FALSE
A772,45484,11,Jul,NN726,Name 726,Super Tech,Keyboard,4000,6,24000,Cash,FALSE,FALSE
A773,45485,12,Jul,NN727,Name 727,RG Store,SSD 256 GB,3200,5,16000,Online,FALSE,FALSE
A774,45486,13,Jul,NN728,Name 728,CCC Mart,HDD 256 GB,2900,6,17400,Cash,FALSE,FALSE
A775,45487,14,Jul,NN729,Name 729,ABC Traders,Mouse,190,2,380,Online,FALSE,FALSE
A776,45488,15,Jul,NN730,Name 730,Super Tech,Monitor,4000,3,12000,Cash,FALSE,FALSE
A777,45489,16,Jul,NN731,Name 731,RG Store,Printer,1500,5,7500,Online,FALSE,FALSE
A778,45490,17,Jul,NN732,Name 732,CCC Mart,Scanner,210,3,630,Cash,FALSE,FALSE
A779,45491,18,Jul,NN733,Name 733,ABC Traders,Keyboard,4000,1,4000,Online,FALSE,FALSE
A780,45492,19,Jul,NN734,Name 734,Super Tech,SSD 256 GB,3200,2,6400,Cash,FALSE,FALSE
A781,45493,20,Jul,NN735,Name 735,RG Store,HDD 256 GB,2900,3,8700,Online,FALSE,FALSE
A782,45494,21,Jul,NN736,Name 736,RG Store,Keyboard,190,5,950,Cash,FALSE,FALSE
A783,45495,22,Jul,NN737,Name 737,CCC Mart,SSD 256 GB,4000,6,24000,Online,FALSE,FALSE
A784,45496,23,Jul,NN738,Name 738,ABC Traders,HDD 256 GB,1500,2,3000,Cash,FALSE,FALSE
A785,45497,24,Jul,NN739,Name 739,RG Store,Keyboard,210,3,630,Online,FALSE,FALSE
A786,45498,25,Jul,NN740,Name 740,CCC Mart,SSD 256 GB,4000,5,20000,Cash,FALSE,FALSE
A787,45499,26,Jul,NN741,Name 741,ABC Traders,HDD 256 GB,3200,3,9600,Online,FALSE,FALSE
A788,45500,27,Jul,NN719,Name 719,RG Store,Keyboard,2900,1,2900,Cash,FALSE,FALSE
A789,45501,28,Jul,NN720,Name 720,CCC Mart,SSD 256 GB,190,10,1900,Online,FALSE,FALSE
A790,45502,29,Jul,NN721,Name 721,ABC Traders,HDD 256 GB,4000,3,12000,Cash,FALSE,FALSE
A791,45503,30,Jul,NN722,Name 722,Super Tech,Mouse,1500,4,6000,Online,FALSE,FALSE
A792,45504,31,Jul,NN723,Name 723,RG Store,Monitor,210,5,1050,Cash,FALSE,FALSE
A793,45505,1,Aug,NN724,Name 724,CCC Mart,Printer,4000,6,24000,Online,FALSE,FALSE
A794,45506,2,Aug,NN725,Name 725,ABC Traders,Scanner,3200,5,16000,Cash,FALSE,FALSE
A795,45507,3,Aug,NN726,Name 726,Super Tech,Keyboard,2900,6,17400,Online,FALSE,FALSE
A796,45508,4,Aug,NN727,Name 727,RG Store,SSD 256 GB,190,5,950,Cash,FALSE,FALSE
A797,45509,5,Aug,NN728,Name 728,CCC Mart,HDD 256 GB,4000,6,24000,Online,FALSE,FALSE
A798,45510,6,Aug,NN729,Name 729,ABC Traders,Mouse,1500,2,3000,Cash,FALSE,FALSE
A799,45511,7,Aug,NN730,Name 730,Super Tech,Monitor,210,3,630,Online,FALSE,FALSE
A800,45512,8,Aug,NN731,Name 731,RG Store,Printer,4000,5,20000,Cash,FALSE,FALSE
A801,45513,9,Aug,NN732,Name 732,CCC Mart,Scanner,3200,3,9600,Online,FALSE,FALSE
A802,45514,10,Aug,NN733,Name 733,ABC Traders,Keyboard,2900,1,2900,Cash,FALSE,FALSE
A803,45515,11,Aug,NN734,Name 734,Super Tech,SSD 256 GB,190,2,380,Online,FALSE,FALSE
A804,45516,12,Aug,NN735,Name 735,RG Store,HDD 256 GB,4000,3,12000,Cash,FALSE,FALSE
A805,45517,13,Aug,NN736,Name 736,RG Store,Keyboard,1500,5,7500,Online,FALSE,FALSE
A806,45518,14,Aug,NN737,Name 737,CCC Mart,SSD 256 GB,210,6,1260,Cash,FALSE,FALSE
A807,45519,15,Aug,NN738,Name 738,ABC Traders,HDD 256 GB,4000,2,8000,Online,FALSE,FALSE
A808,45520,16,Aug,NN739,Name 739,RG Store,Keyboard,3200,3,9600,Cash,FALSE,FALSE
A809,45521,17,Aug,NN740,Name 740,CCC Mart,SSD 256 GB,2900,5,14500,Online,FALSE,FALSE
A810,45522,18,Aug,NN741,Name 741,ABC Traders,HDD 256 GB,190,3,570,Cash,FALSE,FALSE
A811,45523,19,Aug,NN719,Name 719,RG Store,Keyboard,4000,1,4000,Online,FALSE,FALSE
A812,45524,20,Aug,NN720,Name 720,CCC Mart,SSD 256 GB,1500,10,15000,Cash,FALSE,FALSE
A813,45525,21,Aug,NN721,Name 721,ABC Traders,HDD 256 GB,210,3,630,Online,FALSE,FALSE
A814,45526,22,Aug,NN722,Name 722,Super Tech,Mouse,4000,4,16000,Cash,FALSE,FALSE
A815,45527,23,Aug,NN723,Name 723,RG Store,Monitor,3200,5,16000,Online,FALSE,FALSE
A816,45528,24,Aug,NN724,Name 724,CCC Mart,Printer,2900,6,17400,Cash,FALSE,FALSE
A817,45529,25,Aug,NN725,Name 725,ABC Traders,Scanner,190,5,950,Online,FALSE,FALSE
A818,45530,26,Aug,NN726,Name 726,Super Tech,Keyboard,4000,6,24000,Cash,FALSE,FALSE
A819,45531,27,Aug,NN727,Name 727,RG Store,SSD 256 GB,1500,5,7500,Online,FALSE,FALSE
A820,45532,28,Aug,NN728,Name 728,CCC Mart,HDD 256 GB,210,6,1260,Cash,FALSE,FALSE
A821,45533,29,Aug,NN729,Name 729,ABC Traders,Mouse,4000,2,8000,Online,FALSE,FALSE
A822,45534,30,Aug,NN730,Name 730,Super Tech,Monitor,3200,3,9600,Cash,FALSE,FALSE
A823,45535,31,Aug,NN731,Name 731,RG Store,Printer,2900,5,14500,Online,FALSE,FALSE
A824,45536,1,Sep,NN732,Name 732,CCC Mart,Scanner,190,3,570,Cash,FALSE,FALSE
A825,45537,2,Sep,NN733,Name 733,ABC Traders,Keyboard,4000,1,4000,Online,FALSE,FALSE
A826,45538,3,Sep,NN734,Name 734,Super Tech,SSD 256 GB,1500,2,3000,Cash,FALSE,FALSE
A827,45539,4,Sep,NN735,Name 735,RG Store,HDD 256 GB,210,3,630,Online,FALSE,FALSE
A828,45540,5,Sep,NN736,Name 736,RG Store,Keyboard,4000,5,20000,Cash,FALSE,FALSE
A829,45541,6,Sep,NN737,Name 737,CCC Mart,SSD 256 GB,3200,6,19200,Online,FALSE,FALSE
A830,45542,7,Sep,NN738,Name 738,ABC Traders,HDD 256 GB,2900,2,5800,Cash,FALSE,FALSE
A831,45543,8,Sep,NN739,Name 739,RG Store,Keyboard,190,3,570,Online,FALSE,FALSE
A832,45544,9,Sep,NN740,Name 740,CCC Mart,SSD 256 GB,4000,5,20000,Cash,FALSE,FALSE
A833,45545,10,Sep,NN741,Name 741,ABC Traders,HDD 256 GB,1500,3,4500,Online,FALSE,FALSE
A834,45546,11,Sep,NN719,Name 719,RG Store,Keyboard,210,1,210,Cash,FALSE,FALSE
A835,45547,12,Sep,NN720,Name 720,CCC Mart,SSD 256 GB,4000,10,40000,Online,FALSE,FALSE
A836,45548,13,Sep,NN721,Name 721,ABC Traders,HDD 256 GB,3200,3,9600,Cash,FALSE,FALSE
A837,45549,14,Sep,NN722,Name 722,Super Tech,Mouse,2900,4,11600,Online,FALSE,FALSE
A838,45550,15,Sep,NN723,Name 723,RG Store,Monitor,190,5,950,Cash,FALSE,FALSE
A839,45551,16,Sep,NN724,Name 724,CCC Mart,Printer,4000,6,24000,Online,FALSE,FALSE
A840,45552,17,Sep,NN725,Name 725,ABC Traders,Scanner,1500,5,7500,Cash,FALSE,FALSE
A841,45553,18,Sep,NN726,Name 726,Super Tech,Keyboard,210,6,1260,Online,FALSE,FALSE
A842,45554,19,Sep,NN727,Name 727,RG Store,SSD 256 GB,4000,5,20000,Cash,FALSE,FALSE
A843,45555,20,Sep,NN728,Name 728,CCC Mart,HDD 256 GB,3200,6,19200,Online,FALSE,FALSE
A844,45556,21,Sep,NN729,Name 729,ABC Traders,Mouse,2900,2,5800,Cash,FALSE,FALSE
A845,45557,22,Sep,NN730,Name 730,Super Tech,Monitor,190,3,570,Online,FALSE,FALSE
A846,45558,23,Sep,NN731,Name 731,RG Store,Printer,4000,5,20000,Cash,FALSE,FALSE
A847,45559,24,Sep,NN732,Name 732,CCC Mart,Scanner,1500,3,4500,Online,FALSE,FALSE
A848,45560,25,Sep,NN733,Name 733,ABC Traders,Keyboard,210,1,210,Cash,FALSE,FALSE
A849,45561,26,Sep,NN734,Name 734,Super Tech,SSD 256 GB,4000,2,8000,Online,FALSE,FALSE
A850,45562,27,Sep,NN735,Name 735,RG Store,HDD 256 GB,3200,3,9600,Cash,FALSE,FALSE
A851,45563,28,Sep,NN736,Name 736,RG Store,Keyboard,2900,5,14500,Online,FALSE,FALSE
A852,45564,29,Sep,NN737,Name 737,CCC Mart,SSD 256 GB,190,6,1140,Cash,FALSE,FALSE
A853,45565,30,Sep,NN738,Name 738,ABC Traders,HDD 256 GB,4000,2,8000,Online,FALSE,FALSE
A854,45566,1,Oct,NN739,Name 739,RG Store,Keyboard,1500,3,4500,Cash,FALSE,FALSE
A855,45567,2,Oct,NN740,Name 740,CCC Mart,SSD 256 GB,210,5,1050,Online,FALSE,FALSE
A856,45568,3,Oct,NN741,Name 741,ABC Traders,HDD 256 GB,4000,3,12000,Cash,FALSE,FALSE
A857,45569,4,Oct,NN719,Name 719,RG Store,Keyboard,3200,1,3200,Online,FALSE,FALSE
A858,45570,5,Oct,NN720,Name 720,CCC Mart,SSD 256 GB,2900,10,29000,Cash,FALSE,FALSE
A859,45571,6,Oct,NN721,Name 721,ABC Traders,HDD 256 GB,190,3,570,Online,FALSE,FALSE
A860,45572,7,Oct,NN722,Name 722,Super Tech,Mouse,4000,4,16000,Cash,FALSE,FALSE
A861,45573,8,Oct,NN723,Name 723,RG Store,Monitor,1500,5,7500,Online,FALSE,FALSE
A862,45574,9,Oct,NN724,Name 724,CCC Mart,Printer,210,6,1260,Cash,FALSE,FALSE
A863,45575,10,Oct,NN725,Name 725,ABC Traders,Scanner,4000,5,20000,Online,FALSE,FALSE
A864,45576,11,Oct,NN726,Name 726,Super Tech,Keyboard,3200,6,19200,Cash,FALSE,FALSE
A865,45577,12,Oct,NN727,Name 727,RG Store,SSD 256 GB,2900,5,14500,Online,FALSE,FALSE
A866,45578,13,Oct,NN728,Name 728,CCC Mart,HDD 256 GB,190,6,1140,Cash,FALSE,FALSE
A867,45579,14,Oct,NN729,Name 729,ABC Traders,Mouse,4000,2,8000,Online,FALSE,FALSE
A868,45580,15,Oct,NN730,Name 730,Super Tech,Monitor,1500,3,4500,Cash,FALSE,FALSE
A869,45581,16,Oct,NN731,Name 731,RG Store,Printer,210,5,1050,Online,FALSE,FALSE
A870,45582,17,Oct,NN732,Name 732,CCC Mart,Scanner,4000,3,12000,Cash,FALSE,FALSE
A871,45583,18,Oct,NN733,Name 733,ABC Traders,Keyboard,3200,1,3200,Online,FALSE,FALSE
A872,45584,19,Oct,NN734,Name 734,Super Tech,SSD 256 GB,2900,2,5800,Cash,FALSE,FALSE
A873,45585,20,Oct,NN735,Name 735,RG Store,HDD 256 GB,190,3,570,Online,FALSE,FALSE
A874,45586,21,Oct,NN736,Name 736,RG Store,Keyboard,4000,5,20000,Cash,FALSE,FALSE
A875,45587,22,Oct,NN737,Name 737,CCC Mart,SSD 256 GB,1500,6,9000,Online,FALSE,FALSE
A876,45588,23,Oct,NN738,Name 738,ABC Traders,HDD 256 GB,210,2,420,Cash,FALSE,FALSE
A877,45589,24,Oct,NN739,Name 739,RG Store,Keyboard,4000,3,12000,Online,FALSE,FALSE
A878,45590,25,Oct,NN740,Name 740,CCC Mart,SSD 256 GB,3200,5,16000,Cash,FALSE,FALSE
A879,45591,26,Oct,NN741,Name 741,ABC Traders,HDD 256 GB,2900,3,8700,Online,FALSE,FALSE
A880,45592,27,Oct,NN719,Name 719,RG Store,Keyboard,190,1,190,Cash,FALSE,FALSE
A881,45593,28,Oct,NN720,Name 720,CCC Mart,SSD 256 GB,4000,10,40000,Online,FALSE,FALSE
A882,45594,29,Oct,NN721,Name 721,ABC Traders,HDD 256 GB,1500,3,4500,Cash,FALSE,FALSE
A883,45595,30,Oct,NN722,Name 722,Super Tech,Mouse,210,4,840,Online,FALSE,FALSE
A884,45596,31,Oct,NN723,Name 723,RG Store,Monitor,4000,5,20000,Cash,FALSE,FALSE
A885,45597,1,Nov,NN724,Name 724,CCC Mart,Printer,3200,6,19200,Online,FALSE,FALSE
A886,45598,2,Nov,NN725,Name 725,ABC Traders,Scanner,2900,5,14500,Cash,FALSE,FALSE
A887,45599,3,Nov,NN726,Name 726,Super Tech,Keyboard,190,6,1140,Online,FALSE,FALSE
A888,45600,4,Nov,NN727,Name 727,RG Store,SSD 256 GB,4000,5,20000,Cash,FALSE,FALSE
A889,45601,5,Nov,NN728,Name 728,CCC Mart,HDD 256 GB,1500,6,9000,Online,FALSE,FALSE
A890,45602,6,Nov,NN729,Name 729,ABC Traders,Mouse,210,2,420,Cash,FALSE,FALSE
A891,45603,7,Nov,NN730,Name 730,Super Tech,Monitor,4000,3,12000,Online,FALSE,FALSE
A892,45604,8,Nov,NN731,Name 731,RG Store,Printer,3200,6,19200,Cash,FALSE,FALSE
A893,45605,9,Nov,NN732,Name 732,CCC Mart,Scanner,2900,6,17400,Online,FALSE,FALSE
A894,45606,10,Nov,NN733,Name 733,ABC Traders,Keyboard,190,6,1140,Cash,FALSE,FALSE
A895,45607,11,Nov,NN734,Name 734,Super Tech,SSD 256 GB,4000,6,24000,Online,FALSE,FALSE
A896,45608,12,Nov,NN735,Name 735,RG Store,HDD 256 GB,1500,6,9000,Cash,FALSE,FALSE
A897,45609,13,Nov,NN736,Name 736,RG Store,Keyboard,210,7,1470,Online,FALSE,FALSE
A898,45610,14,Nov,NN737,Name 737,CCC Mart,SSD 256 GB,4000,7,28000,Cash,FALSE,FALSE
A899,45611,15,Nov,NN738,Name 738,ABC Traders,HDD 256 GB,3200,7,22400,Online,FALSE,FALSE
A900,45612,16,Nov,NN739,Name 739,RG Store,Keyboard,2900,5,14500,Cash,FALSE,FALSE
A901,45613,17,Nov,NN740,Name 740,CCC Mart,SSD 256 GB,190,6,1140,Online,FALSE,FALSE
A902,45614,18,Nov,NN741,Name 741,ABC Traders,HDD 256 GB,4000,2,8000,Cash,FALSE,FALSE
A903,45615,19,Nov,NN719,Name 719,RG Store,Keyboard,1500,3,4500,Online,FALSE,FALSE
A904,45616,20,Nov,NN720,Name 720,CCC Mart,SSD 256 GB,210,5,1050,Cash,FALSE,FALSE
A905,45617,21,Nov,NN721,Name 721,ABC Traders,HDD 256 GB,4000,3,12000,Online,FALSE,FALSE
A906,45618,22,Nov,NN722,Name 722,Super Tech,Mouse,3200,1,3200,Cash,FALSE,FALSE
A907,45619,23,Nov,NN723,Name 723,RG Store,Monitor,2900,9,26100,Online,FALSE,FALSE
A908,45620,24,Nov,NN724,Name 724,CCC Mart,Printer,190,9,1710,Cash,FALSE,FALSE
A909,45621,25,Nov,NN725,Name 725,ABC Traders,Scanner,4000,5,20000,Online,FALSE,FALSE
A910,45622,26,Nov,NN726,Name 726,Super Tech,Keyboard,1500,9,13500,Cash,FALSE,FALSE
A911,45623,27,Nov,NN727,Name 727,RG Store,SSD 256 GB,210,9,1890,Online,FALSE,FALSE
A912,45624,28,Nov,NN728,Name 728,CCC Mart,HDD 256 GB,4000,9,36000,Cash,FALSE,FALSE
A913,45625,29,Nov,NN729,Name 729,ABC Traders,Mouse,3200,12,38400,Online,FALSE,FALSE
A914,45626,30,Nov,NN730,Name 730,Super Tech,Monitor,2900,12,34800,Cash,FALSE,FALSE
A915,45627,1,Dec,NN731,Name 731,RG Store,Printer,190,12,2280,Online,FALSE,FALSE
A916,45628,2,Dec,NN732,Name 732,CCC Mart,Scanner,4000,21,84000,Cash,FALSE,FALSE
A917,45629,3,Dec,NN733,Name 733,ABC Traders,Keyboard,1500,11,16500,Online,FALSE,FALSE
A918,45630,4,Dec,NN734,Name 734,Super Tech,SSD 256 GB,210,22,4620,Cash,FALSE,FALSE
A919,45631,5,Dec,NN735,Name 735,RG Store,HDD 256 GB,4000,12,48000,Online,FALSE,FALSE
A920,45632,6,Dec,NN736,Name 736,RG Store,Keyboard,3200,12,38400,Cash,FALSE,FALSE
A921,45633,7,Dec,NN737,Name 737,CCC Mart,SSD 256 GB,2900,17,49300,Online,FALSE,FALSE
A922,45634,8,Dec,NN738,Name 738,ABC Traders,HDD 256 GB,190,8,1520,Cash,FALSE,FALSE
A923,45635,9,Dec,NN739,Name 739,RG Store,Keyboard,4000,8,32000,Online,FALSE,FALSE
A924,45636,10,Dec,NN740,Name 740,CCC Mart,SSD 256 GB,1500,9,13500,Cash,FALSE,FALSE
A925,45637,11,Dec,NN741,Name 741,ABC Traders,HDD 256 GB,210,9,1890,Online,FALSE,FALSE
A926,45638,12,Dec,NN719,Name 719,RG Store,Keyboard,4000,5,20000,Cash,FALSE,FALSE
A927,45639,13,Dec,NN720,Name 720,CCC Mart,SSD 256 GB,3200,6,19200,Online,FALSE,FALSE
A928,45640,14,Dec,NN721,Name 721,ABC Traders,HDD 256 GB,2900,7,20300,Cash,FALSE,FALSE
A929,45641,15,Dec,NN722,Name 722,Super Tech,Mouse,190,8,1520,Online,FALSE,FALSE
A930,45642,16,Dec,NN723,Name 723,RG Store,Monitor,4000,12,48000,Cash,FALSE,FALSE
A931,45643,17,Dec,NN724,Name 724,CCC Mart,Printer,1500,12,18000,Online,FALSE,FALSE
A932,45644,18,Dec,NN725,Name 725,ABC Traders,Scanner,210,21,4410,Cash,FALSE,FALSE
A933,45645,19,Dec,NN726,Name 726,Super Tech,Keyboard,4000,12,48000,Online,FALSE,FALSE
A934,45646,20,Dec,NN727,Name 727,RG Store,SSD 256 GB,3200,12,38400,Cash,FALSE,FALSE
A935,45647,21,Dec,NN728,Name 728,CCC Mart,HDD 256 GB,2900,21,60900,Online,FALSE,FALSE
A936,45648,22,Dec,NN729,Name 729,ABC Traders,Mouse,190,14,2660,Cash,FALSE,FALSE
A937,45649,23,Dec,NN730,Name 730,Super Tech,Monitor,4000,16,64000,Online,FALSE,FALSE
A938,45650,24,Dec,NN731,Name 731,RG Store,Printer,1500,17,25500,Cash,FALSE,FALSE
A939,45651,25,Dec,NN732,Name 732,CCC Mart,Scanner,210,18,3780,Online,FALSE,FALSE
A940,45652,26,Dec,NN733,Name 733,ABC Traders,Keyboard,4000,19,76000,Cash,FALSE,FALSE
A941,45653,27,Dec,NN734,Name 734,Super Tech,SSD 256 GB,3200,17,54400,Online,FALSE,FALSE
A942,45654,28,Dec,NN735,Name 735,RG Store,HDD 256 GB,2900,17,49300,Cash,FALSE,FALSE
A943,45655,29,Dec,NN736,Name 736,RG Store,Keyboard,190,21,3990,Online,FALSE,FALSE
A944,45656,30,Dec,NN737,Name 737,CCC Mart,SSD 256 GB,4000,22,88000,Cash,FALSE,FALSE
A945,45657,31,Dec,NN738,Name 738,ABC Traders,HDD 256 GB,1500,21,31500,Online,FALSE,FALSE
A946,45658,1,Jan,NN739,Name 739,RG Store,Keyboard,210,23,4830,Cash,FALSE,FALSE
A947,45659,2,Jan,NN740,Name 740,CCC Mart,SSD 256 GB,4000,25,100000,Online,FALSE,FALSE
A948,45660,3,Jan,NN741,Name 741,ABC Traders,HDD 256 GB,3200,27,86400,Cash,FALSE,FALSE
A949,45661,4,Jan,NN719,Name 719,RG Store,Keyboard,2900,28,81200,Online,FALSE,FALSE
A950,45662,5,Jan,NN720,Name 720,CCC Mart,SSD 256 GB,190,25,4750,Cash,FALSE,FALSE
A951,45663,6,Jan,NN721,Name 721,ABC Traders,HDD 256 GB,4000,24,96000,Online,FALSE,FALSE
A952,45664,7,Jan,NN722,Name 722,Super Tech,Mouse,1500,23,34500,Cash,FALSE,FALSE
A953,45665,8,Jan,NN723,Name 723,RG Store,Monitor,210,24,5040,Online,FALSE,FALSE
A954,45666,9,Jan,NN724,Name 724,CCC Mart,Printer,4000,25,100000,Cash,FALSE,FALSE
A955,45667,10,Jan,NN725,Name 725,ABC Traders,Scanner,3200,26,83200,Online,FALSE,FALSE
A956,45668,11,Jan,NN726,Name 726,Super Tech,Keyboard,2900,29,84100,Cash,FALSE,FALSE
A957,45669,12,Jan,NN727,Name 727,RG Store,SSD 256 GB,190,30,5700,Online,FALSE,FALSE
A958,45670,13,Jan,NN728,Name 728,CCC Mart,HDD 256 GB,4000,30,120000,Cash,FALSE,FALSE
A959,45671,14,Jan,NN729,Name 729,ABC Traders,Mouse,1500,24,36000,Online,FALSE,FALSE
A960,45672,15,Jan,NN730,Name 730,Super Tech,Monitor,210,25,5250,Cash,FALSE,FALSE
A961,45673,16,Jan,NN731,Name 731,RG Store,Printer,4000,26,104000,Online,FALSE,FALSE
A962,45674,17,Jan,NN732,Name 732,CCC Mart,Scanner,3200,31,99200,Cash,FALSE,FALSE
A963,45675,18,Jan,NN733,Name 733,ABC Traders,Keyboard,2900,21,60900,Online,FALSE,FALSE
A964,45676,19,Jan,NN734,Name 734,Super Tech,SSD 256 GB,190,33,6270,Cash,FALSE,FALSE
A965,45677,20,Jan,NN735,Name 735,RG Store,HDD 256 GB,4000,33,132000,Online,FALSE,FALSE
A966,45678,21,Jan,NN736,Name 736,RG Store,Keyboard,1500,23,34500,Cash,FALSE,FALSE
A967,45679,22,Jan,NN737,Name 737,CCC Mart,SSD 256 GB,210,33,6930,Online,FALSE,FALSE
A968,45680,23,Jan,NN738,Name 738,ABC Traders,HDD 256 GB,4000,32,128000,Cash,FALSE,FALSE
A969,45681,24,Jan,NN739,Name 739,RG Store,Keyboard,3200,23,73600,Online,FALSE,FALSE
A970,45682,25,Jan,NN740,Name 740,CCC Mart,SSD 256 GB,2900,31,89900,Cash,FALSE,FALSE
A971,45683,26,Jan,NN741,Name 741,ABC Traders,HDD 256 GB,190,22,4180,Online,FALSE,FALSE
A972,45684,27,Jan,NN719,Name 719,RG Store,Keyboard,4000,22,88000,Cash,FALSE,FALSE
A973,45685,28,Jan,NN720,Name 720,CCC Mart,SSD 256 GB,1500,32,48000,Online,FALSE,FALSE
A974,45686,29,Jan,NN721,Name 721,ABC Traders,HDD 256 GB,210,32,6720,Cash,FALSE,FALSE
A975,45687,30,Jan,NN722,Name 722,Super Tech,Mouse,4000,32,128000,Online,FALSE,FALSE
A976,45688,31,Jan,NN723,Name 723,RG Store,Monitor,3200,32,102400,Cash,FALSE,FALSE
A977,45689,1,Feb,NN724,Name 724,CCC Mart,Printer,2900,32,92800,Online,FALSE,FALSE
A978,45690,2,Feb,NN725,Name 725,ABC Traders,Scanner,190,34,6460,Cash,FALSE,FALSE
A979,45691,3,Feb,NN726,Name 726,Super Tech,Keyboard,4000,34,136000,Online,FALSE,FALSE
A980,45692,4,Feb,NN727,Name 727,RG Store,SSD 256 GB,1500,34,51000,Cash,FALSE,FALSE
A981,45693,5,Feb,NN728,Name 728,CCC Mart,HDD 256 GB,210,32,6720,Online,FALSE,FALSE
A982,45694,6,Feb,NN729,Name 729,ABC Traders,Mouse,4000,34,136000,Cash,FALSE,FALSE
A983,45695,7,Feb,NN730,Name 730,Super Tech,Monitor,3200,34,108800,Online,FALSE,FALSE
A984,45696,8,Feb,NN731,Name 731,RG Store,Printer,2900,37,107300,Cash,FALSE,FALSE
A985,45697,9,Feb,NN732,Name 732,CCC Mart,Scanner,190,38,7220,Online,FALSE,FALSE
A986,45698,10,Feb,NN733,Name 733,ABC Traders,Keyboard,4000,38,152000,Cash,FALSE,FALSE
A987,45699,11,Feb,NN734,Name 734,Super Tech,SSD 256 GB,1500,38,57000,Online,FALSE,FALSE
A988,45700,12,Feb,NN735,Name 735,RG Store,HDD 256 GB,210,39,8190,Cash,FALSE,FALSE
A989,45701,13,Feb,NN736,Name 736,RG Store,Keyboard,4000,44,176000,Online,FALSE,FALSE
A990,45702,14,Feb,NN737,Name 737,CCC Mart,SSD 256 GB,3200,44,140800,Cash,FALSE,FALSE
A991,45703,15,Feb,NN738,Name 738,ABC Traders,HDD 256 GB,2900,44,127600,Online,FALSE,FALSE
A992,45704,16,Feb,NN739,Name 739,RG Store,Keyboard,190,42,7980,Cash,FALSE,FALSE
A993,45705,17,Feb,NN740,Name 740,CCC Mart,SSD 256 GB,4000,41,164000,Online,FALSE,FALSE
A994,45706,18,Feb,NN741,Name 741,ABC Traders,HDD 256 GB,1500,23,34500,Cash,FALSE,FALSE
A995,45707,19,Feb,NN719,Name 719,RG Store,Keyboard,210,32,6720,Online,FALSE,FALSE
A996,45708,20,Feb,NN720,Name 720,CCC Mart,SSD 256 GB,4000,43,172000,Cash,FALSE,FALSE
A997,45709,21,Feb,NN721,Name 721,ABC Traders,HDD 256 GB,3200,34,108800,Online,FALSE,FALSE
A998,45710,22,Feb,NN722,Name 722,Super Tech,Mouse,2900,43,124700,Cash,FALSE,FALSE
A999,45711,23,Feb,NN723,Name 723,RG Store,Monitor,190,34,6460,Online,FALSE,FALSE
A1000,45712,24,Feb,NN724,Name 724,CCC Mart,Printer,4000,54,216000,Cash,FALSE,FALSE
A1001,45713,25,Feb,NN725,Name 725,ABC Traders,Scanner,1500,32,48000,Online,FALSE,FALSE
A1002,45714,26,Feb,NN726,Name 726,Super Tech,Keyboard,210,34,7140,Cash,FALSE,FALSE
A1003,45715,27,Feb,NN727,Name 727,RG Store,SSD 256 GB,4000,43,172000,Online,FALSE,FALSE
A1004,45716,28,Feb,NN728,Name 728,CCC Mart,HDD 256 GB,3200,34,108800,Cash,FALSE,FALSE
A1005,45717,1,Mar,NN729,Name 729,ABC Traders,Mouse,2900,43,124700,Online,FALSE,FALSE
A1006,45718,2,Mar,NN730,Name 730,Super Tech,Monitor,190,45,8550,Cash,FALSE,FALSE
A1007,45719,3,Mar,NN731,Name 731,RG Store,Printer,4000,54,216000,Online,FALSE,FALSE
A1008,45720,4,Mar,NN732,Name 732,CCC Mart,Scanner,1500,43,64500,Cash,FALSE,FALSE
A1009,45721,5,Mar,NN733,Name 733,ABC Traders,Keyboard,210,32,6720,Online,FALSE,FALSE
A1010,45722,6,Mar,NN734,Name 734,Super Tech,SSD 256 GB,4000,23,92000,Cash,FALSE,FALSE
A1011,45723,7,Mar,NN735,Name 735,RG Store,HDD 256 GB,3200,34,108800,Online,FALSE,FALSE
A1012,45724,8,Mar,NN736,Name 736,RG Store,Keyboard,2900,45,130500,Cash,FALSE,FALSE
A1013,45725,9,Mar,NN737,Name 737,CCC Mart,SSD 256 GB,190,65,12350,Online,FALSE,FALSE
A1014,45726,10,Mar,NN738,Name 738,ABC Traders,HDD 256 GB,4000,43,172000,Cash,FALSE,FALSE
A1015,45727,11,Mar,NN739,Name 739,RG Store,Keyboard,1500,33,49500,Online,FALSE,FALSE
A1016,45728,12,Mar,NN740,Name 740,CCC Mart,SSD 256 GB,210,23,4830,Cash,FALSE,FALSE
A1017,45729,13,Mar,NN741,Name 741,ABC Traders,HDD 256 GB,4000,12,48000,Online,FALSE,FALSE
A1018,45730,14,Mar,NN719,Name 719,RG Store,Keyboard,3200,23,73600,Cash,FALSE,FALSE
A1019,45731,15,Mar,NN720,Name 720,CCC Mart,SSD 256 GB,2900,34,98600,Online,FALSE,FALSE
A1020,45732,16,Mar,NN721,Name 721,ABC Traders,HDD 256 GB,190,43,8170,Cash,FALSE,FALSE
A1021,45733,17,Mar,NN722,Name 722,Super Tech,Mouse,4000,32,128000,Online,FALSE,FALSE
A1022,45734,18,Mar,NN723,Name 723,RG Store,Monitor,1500,45,67500,Cash,FALSE,FALSE
A1023,45735,19,Mar,NN724,Name 724,CCC Mart,Printer,210,65,13650,Online,FALSE,FALSE
A1024,45736,20,Mar,NN725,Name 725,ABC Traders,Scanner,4000,55,220000,Cash,FALSE,FALSE
A1025,45737,21,Mar,NN726,Name 726,Super Tech,Keyboard,3200,54,172800,Online,FALSE,FALSE
A1026,45738,22,Mar,NN727,Name 727,RG Store,SSD 256 GB,2900,56,162400,Cash,FALSE,FALSE
A1027,45739,23,Mar,NN728,Name 728,CCC Mart,HDD 256 GB,190,54,10260,Online,FALSE,FALSE
A1028,45740,24,Mar,NN729,Name 729,ABC Traders,Mouse,4000,35,140000,Cash,FALSE,FALSE
A1029,45741,25,Mar,NN730,Name 730,Super Tech,Monitor,1500,63,94500,Online,FALSE,FALSE
A1030,45742,26,Mar,NN731,Name 731,RG Store,Printer,210,34,7140,Cash,FALSE,FALSE
A1031,45743,27,Mar,NN732,Name 732,CCC Mart,Scanner,4000,54,216000,Online,FALSE,FALSE
A1032,45744,28,Mar,NN733,Name 733,ABC Traders,Keyboard,3200,45,144000,Cash,FALSE,FALSE
A1033,45745,29,Mar,NN734,Name 734,Super Tech,SSD 256 GB,2900,56,162400,Online,FALSE,FALSE
A1034,45746,30,Mar,NN735,Name 735,RG Store,HDD 256 GB,190,65,12350,Cash,FALSE,FALSE
A1035,45747,31,Mar,NN736,Name 736,RG Store,Keyboard,4000,65,260000,Online,FALSE,FALSE
A1036,45748,1,Apr,NN737,Name 737,CCC Mart,SSD 256 GB,1500,65,97500,Cash,FALSE,FALSE
